N,P,K,temperature,humidity,ph,rainfall,label
87.5,43.6,45.2,30.33,80.6,6.18,2152.72,rice
91.5,40.3,44.3,23.38,79.21,6.42,1000.0,rice
54.1,39.4,31.9,26.1,76.55,5.59,2112.98,rice
76.6,45.7,28.6,23.09,82.67,5.72,1731.49,rice
71.0,42.1,35.2,31.48,81.92,5.77,1887.89,rice
61.7,47.1,24.3,20.35,83.18,6.67,1659.98,rice
78.3,42.0,28.2,22.48,79.24,6.83,1720.27,rice
53.6,48.2,36.9,22.63,85.67,6.82,1925.95,rice
67.4,41.9,42.7,28.41,79.12,6.21,1212.78,rice
62.1,53.1,50.8,24.75,88.02,6.48,1374.21,rice
85.4,60.4,39.7,30.48,70.0,6.71,1630.47,rice
75.5,45.9,24.1,24.23,84.14,7.04,1418.61,rice
67.9,40.0,47.3,26.15,78.82,6.56,1633.98,rice
94.5,38.0,37.4,23.63,73.22,6.45,1691.37,rice
80.1,42.7,28.7,23.53,79.94,5.9,1543.55,rice
86.1,63.9,41.4,25.9,81.55,5.34,1590.72,rice
80.9,69.6,38.5,26.06,81.79,5.72,1999.99,rice
91.3,52.9,32.7,29.91,73.59,6.59,2366.66,rice
65.1,39.3,40.8,23.24,72.7,6.33,1228.19,rice
87.1,35.8,52.4,22.26,80.07,6.71,1169.2,rice
83.4,58.1,27.1,25.65,83.56,6.69,1167.07,rice
60.2,50.2,42.4,25.88,84.08,5.96,1681.29,rice
84.4,37.9,54.9,26.66,74.85,6.63,1258.86,rice
91.8,56.6,33.4,28.37,84.48,6.71,2263.88,rice
76.3,37.5,32.9,22.14,81.54,6.47,1696.84,rice
92.4,45.1,51.6,24.07,95.0,6.61,1299.99,rice
63.9,49.8,38.2,27.5,84.84,6.26,1303.62,rice
57.3,40.5,46.9,25.75,74.53,6.39,1734.86,rice
66.7,46.5,40.5,21.0,84.15,6.58,1979.07,rice
95.8,31.2,32.5,26.8,85.08,6.56,2800.0,rice
88.6,56.4,47.6,27.28,80.11,6.68,1329.51,rice
76.4,40.1,40.7,33.1,70.8,6.64,1035.55,rice
72.9,55.9,40.5,21.23,77.71,6.64,1344.37,rice
83.2,45.5,34.8,32.5,85.8,5.29,1665.26,rice
70.1,53.5,33.7,24.6,85.03,6.73,1179.9,rice
75.0,40.3,34.8,31.18,84.43,5.67,1921.25,rice
111.8,55.3,27.8,23.31,89.6,5.95,1755.34,rice
91.6,35.7,39.5,18.0,75.85,6.17,1163.28,rice
104.5,30.7,36.5,25.46,90.65,5.58,2007.11,rice
80.2,35.2,43.7,25.7,78.4,6.33,1465.14,rice
81.7,51.6,52.7,20.67,94.8,5.32,1546.88,rice
88.8,47.8,35.0,24.27,79.04,6.01,1897.36,rice
85.4,38.1,47.2,26.08,86.88,6.61,1309.85,rice
71.6,52.5,44.9,24.93,82.7,6.94,1392.95,rice
88.2,43.0,38.3,28.85,86.95,6.71,2056.92,rice
80.3,51.8,37.5,26.13,81.22,6.35,1808.3,rice
67.7,65.9,32.0,20.75,88.95,6.7,1818.44,rice
89.4,44.9,32.8,25.27,77.94,6.79,1548.53,rice
67.6,41.8,43.3,23.03,77.07,6.42,1685.74,rice
72.4,40.3,41.9,19.93,73.56,5.94,1525.29,rice
84.7,59.8,46.9,24.44,81.89,5.8,1593.52,rice
75.7,48.2,33.4,26.82,91.2,6.25,1740.6,rice
90.4,41.0,41.8,25.04,82.59,5.91,1608.58,rice
87.5,59.5,47.7,32.54,77.4,6.74,1664.17,rice
112.8,36.9,33.3,22.9,70.0,6.04,1334.3,rice
82.3,48.4,55.0,28.33,78.54,5.85,1772.17,rice
60.2,63.3,49.4,23.36,71.72,6.98,1559.91,rice
98.6,29.1,35.2,25.02,82.28,6.07,1818.0,rice
64.0,43.6,41.0,26.8,86.27,5.74,1063.06,rice
99.2,48.3,34.0,30.43,82.69,6.89,1623.63,rice
110.9,62.6,38.0,28.4,85.87,6.98,1262.28,rice
90.3,55.6,25.9,20.86,70.0,6.17,1851.14,rice
102.5,45.7,53.0,20.17,71.78,6.27,1734.42,rice
79.5,24.3,39.3,20.43,86.02,6.48,1271.04,rice
72.3,34.4,39.5,28.34,76.09,6.55,1414.41,rice
68.1,43.9,31.7,23.06,74.81,7.28,1612.34,rice
69.5,47.1,39.1,24.23,85.69,6.68,1414.32,rice
71.4,42.2,21.6,19.7,90.2,7.12,1512.84,rice
88.6,48.1,60.0,28.92,81.23,5.82,1037.74,rice
83.1,37.4,28.6,22.74,75.51,7.14,1908.57,rice
79.9,59.8,40.6,21.99,91.14,6.57,1236.96,rice
77.1,36.2,28.9,28.24,93.46,5.6,1797.04,rice
70.2,40.1,35.3,21.98,82.29,5.88,1694.66,rice
79.2,42.6,32.7,22.98,86.53,6.55,1257.86,rice
81.5,52.5,26.6,26.9,78.02,6.59,1332.86,rice
52.9,28.7,40.4,25.91,76.57,6.62,1018.47,rice
79.0,32.9,34.8,25.17,76.84,6.11,1952.2,rice
71.3,53.4,31.0,26.85,90.65,5.06,1321.09,rice
88.7,43.0,43.0,22.89,82.52,6.22,2008.72,rice
83.8,48.4,36.7,23.29,79.4,6.5,1452.66,rice
84.3,65.8,47.0,23.86,89.21,6.1,1000.0,rice
64.9,26.3,37.2,25.06,92.06,6.46,1523.31,rice
92.4,22.9,41.9,27.7,73.13,6.87,1718.47,rice
73.8,51.3,58.2,25.64,83.49,6.07,1302.55,rice
92.5,36.4,40.6,23.33,84.87,6.47,1963.14,rice
72.3,42.3,32.2,23.44,84.26,6.68,1277.24,rice
93.0,58.6,43.3,31.57,77.36,5.68,1000.0,rice
102.4,51.5,39.6,25.98,75.25,7.5,1645.23,rice
81.6,52.3,43.8,25.78,77.26,6.54,2258.71,rice
100.2,60.9,35.9,21.54,81.25,6.33,1982.97,rice
54.6,60.3,38.7,23.51,75.93,5.47,1888.11,rice
81.1,32.1,29.6,23.82,92.01,6.17,1073.9,rice
76.3,42.3,20.0,24.81,80.61,6.65,2247.13,rice
96.9,42.3,31.1,34.01,82.36,6.31,1591.56,rice
83.0,43.6,35.4,23.09,81.8,6.03,1350.5,rice
81.6,42.5,52.0,18.0,88.55,6.92,1000.0,rice
74.9,41.3,28.7,22.28,75.34,7.18,1927.49,rice
99.1,52.2,31.0,23.16,84.94,5.69,1849.55,rice
76.4,41.3,45.7,26.55,79.83,6.88,1221.63,rice
89.2,50.9,37.5,26.14,74.49,6.76,1535.28,rice
72.2,55.5,34.4,20.07,72.66,6.6,1151.85,rice
106.3,24.2,53.6,25.74,81.42,6.03,1739.7,rice
79.4,56.0,40.9,25.53,79.82,6.27,1707.73,rice
54.3,31.5,45.9,25.6,80.9,6.31,1721.65,rice
71.9,37.2,41.6,21.58,84.45,5.45,1960.2,rice
87.1,47.6,47.9,30.83,88.09,5.38,1152.15,rice
70.6,45.3,44.1,22.46,83.12,5.92,1385.97,rice
58.9,35.8,29.2,21.58,88.32,5.83,2521.33,rice
87.4,46.8,33.1,27.45,78.55,6.36,2496.03,rice
78.6,56.5,34.4,24.88,92.62,5.99,2234.36,rice
90.6,39.4,45.1,28.4,85.73,5.51,1345.5,rice
76.3,44.3,45.0,25.62,73.99,6.49,1813.71,rice
88.4,55.8,46.7,26.61,81.58,5.47,1750.37,rice
83.1,47.7,29.8,21.22,88.32,6.28,1838.53,rice
80.4,45.3,47.5,23.19,82.58,6.07,1447.93,rice
75.4,47.2,36.2,29.4,76.63,6.21,1446.09,rice
101.7,47.0,48.3,19.8,83.6,6.74,1628.8,rice
96.0,39.8,51.3,33.05,79.82,6.08,2108.68,rice
103.7,39.8,36.6,24.01,73.93,5.84,1248.55,rice
68.5,44.7,41.9,30.43,76.01,6.79,1525.1,rice
109.3,61.7,29.0,19.65,56.33,7.0,584.7,wheat
146.8,48.6,33.8,16.63,50.56,6.55,692.68,wheat
131.3,49.3,31.3,19.91,50.58,7.05,574.35,wheat
87.3,70.5,52.4,16.66,51.9,6.91,590.13,wheat
119.9,75.1,36.6,16.11,43.97,6.51,546.02,wheat
136.9,49.8,39.8,18.45,64.51,7.8,486.3,wheat
102.7,65.4,43.5,24.04,59.67,6.66,620.88,wheat
126.6,63.2,42.1,21.7,64.35,7.35,627.85,wheat
107.5,56.5,47.7,16.05,57.95,6.64,553.45,wheat
129.2,56.9,38.4,14.42,60.97,7.06,809.59,wheat
105.4,57.2,40.0,23.23,54.24,6.91,622.95,wheat
112.8,50.5,39.6,21.72,46.79,6.85,465.99,wheat
127.9,39.8,33.5,19.63,67.52,6.77,483.38,wheat
138.2,40.5,20.4,19.82,50.98,6.39,635.0,wheat
113.7,49.4,27.8,21.12,60.2,6.76,771.6,wheat
93.9,39.7,32.5,18.36,56.95,6.7,592.25,wheat
91.2,69.4,37.3,21.85,57.74,6.98,618.37,wheat
116.7,61.4,48.6,19.09,60.67,6.76,722.81,wheat
99.9,73.0,37.7,14.21,56.02,6.53,650.88,wheat
100.2,50.5,22.9,17.14,35.61,6.17,641.25,wheat
121.8,59.3,30.3,18.36,54.97,6.34,730.41,wheat
123.2,52.8,38.2,19.13,38.67,6.7,468.16,wheat
95.0,52.2,52.4,20.42,50.43,7.03,717.92,wheat
123.9,55.6,32.8,20.59,58.15,7.16,626.22,wheat
125.7,49.6,48.5,19.09,71.6,6.52,758.32,wheat
113.0,48.5,34.1,17.54,58.39,7.01,481.16,wheat
109.6,76.4,51.8,19.81,55.3,6.85,623.62,wheat
94.7,52.4,24.7,19.7,60.18,6.61,738.88,wheat
91.6,40.4,39.8,21.64,68.47,6.62,679.44,wheat
109.4,53.3,45.1,20.46,42.39,7.39,715.61,wheat
100.6,59.0,42.0,19.28,50.6,6.53,546.93,wheat
127.6,60.4,35.0,20.82,35.0,7.26,341.23,wheat
104.6,43.8,27.6,21.98,51.26,6.94,544.37,wheat
117.2,55.8,27.7,21.49,51.05,6.18,498.63,wheat
132.5,63.5,35.2,17.45,52.43,7.63,595.83,wheat
116.5,65.3,39.9,17.72,53.43,6.77,545.53,wheat
120.9,55.5,43.9,18.26,55.63,6.0,659.96,wheat
115.2,65.0,20.0,24.77,53.88,7.24,425.21,wheat
119.2,44.5,33.0,24.24,53.47,6.89,654.41,wheat
117.4,56.5,40.9,25.71,54.54,6.88,676.08,wheat
126.6,66.9,43.1,15.07,68.07,6.34,586.32,wheat
98.7,54.4,40.6,19.46,58.38,7.45,604.42,wheat
106.3,64.6,47.5,14.82,59.78,7.08,514.29,wheat
130.6,53.5,39.0,17.98,55.12,6.36,377.19,wheat
133.9,46.5,30.1,12.04,49.89,6.27,747.04,wheat
125.1,48.1,56.0,21.45,52.4,5.8,824.91,wheat
89.2,38.5,46.2,25.82,66.07,7.03,621.37,wheat
122.8,62.6,40.2,18.81,54.5,6.5,516.32,wheat
84.6,54.0,30.1,15.19,56.44,7.36,660.2,wheat
86.4,45.1,45.5,15.55,53.2,7.02,433.8,wheat
111.6,41.7,33.2,19.46,42.26,6.98,547.64,wheat
118.3,57.2,48.9,18.88,51.56,6.85,615.2,wheat
110.7,55.4,32.4,16.51,43.78,7.5,400.74,wheat
99.6,47.8,45.2,17.62,64.98,6.53,583.48,wheat
97.5,76.5,28.5,19.43,60.07,6.97,527.77,wheat
108.1,55.4,36.8,21.39,72.68,6.58,385.62,wheat
108.7,80.0,31.6,23.42,68.42,6.58,618.28,wheat
134.4,51.2,36.4,16.75,46.88,6.54,403.13,wheat
110.5,47.3,39.9,13.83,57.65,7.13,310.75,wheat
115.6,67.3,28.3,23.52,58.35,6.52,543.31,wheat
118.4,55.8,42.3,15.74,56.35,6.23,536.65,wheat
96.4,47.6,47.9,21.77,59.87,6.36,512.03,wheat
128.2,56.4,56.6,19.68,56.54,6.68,566.02,wheat
107.7,62.1,45.7,16.14,44.35,6.07,610.96,wheat
93.4,33.5,41.1,25.98,54.95,7.14,559.82,wheat
108.5,64.2,35.7,19.3,57.57,6.53,669.05,wheat
107.4,47.4,42.3,15.8,55.23,6.8,680.31,wheat
117.1,54.7,44.5,22.67,59.46,6.8,392.58,wheat
94.0,51.9,33.1,17.94,55.45,7.01,541.54,wheat
117.3,55.6,22.2,15.68,53.85,6.32,621.99,wheat
133.0,67.2,36.3,22.97,56.19,6.67,476.39,wheat
105.5,51.1,39.4,18.98,55.02,6.97,692.88,wheat
124.2,40.2,20.0,21.3,44.06,6.71,409.59,wheat
83.0,60.4,44.1,16.77,35.0,6.58,597.02,wheat
87.8,56.8,37.9,20.24,55.96,6.41,693.59,wheat
107.6,54.7,30.5,17.17,47.92,6.73,755.41,wheat
89.4,38.9,49.8,17.87,49.65,7.22,477.33,wheat
137.4,61.8,34.1,24.97,50.15,7.1,585.92,wheat
129.5,70.6,38.3,16.24,58.68,6.53,791.61,wheat
112.0,51.3,39.5,14.46,47.23,7.28,471.17,wheat
94.3,60.4,47.5,20.66,62.97,6.5,379.38,wheat
132.5,51.8,36.0,22.48,59.45,6.98,809.8,wheat
100.3,64.3,38.5,19.31,67.23,7.0,614.6,wheat
126.1,51.4,31.3,15.37,39.27,7.62,417.61,wheat
106.7,52.2,40.5,20.95,61.88,6.57,529.95,wheat
114.2,52.5,50.9,19.97,60.88,7.07,690.82,wheat
112.7,42.0,41.2,16.55,50.77,7.03,698.59,wheat
110.3,58.1,51.6,19.22,75.0,7.03,338.71,wheat
121.3,58.8,48.3,20.52,53.89,6.31,524.92,wheat
97.2,49.2,42.7,23.51,58.16,6.32,603.35,wheat
127.9,48.9,36.9,18.54,48.72,7.06,535.49,wheat
116.3,46.1,34.5,20.67,52.02,7.49,502.04,wheat
113.4,64.3,26.7,13.22,42.79,7.31,483.78,wheat
148.4,49.4,39.5,23.13,71.05,7.62,695.0,wheat
125.4,60.9,44.2,16.85,48.45,6.8,529.58,wheat
103.2,62.0,45.6,18.77,66.82,6.34,526.76,wheat
99.2,36.3,37.3,18.13,67.11,7.05,427.1,wheat
137.8,67.2,42.7,17.82,47.32,6.65,680.65,wheat
138.3,70.4,34.1,15.14,56.13,6.09,588.78,wheat
107.8,50.3,25.2,20.04,50.74,6.33,300.0,wheat
109.6,72.7,51.3,17.13,50.18,6.99,430.19,wheat
114.5,62.7,47.8,18.2,53.37,6.45,450.77,wheat
106.6,58.7,45.3,16.09,66.94,6.69,547.44,wheat
98.8,30.8,45.1,20.71,52.75,6.83,611.91,wheat
86.6,49.7,44.4,14.74,57.35,6.26,605.97,wheat
109.5,38.8,47.3,16.3,48.52,6.88,687.84,wheat
94.8,55.6,41.4,20.58,56.41,6.65,450.69,wheat
111.3,44.3,20.0,19.81,62.23,5.85,428.83,wheat
119.3,75.6,38.2,16.32,53.54,7.35,472.48,wheat
98.0,50.2,30.4,18.87,68.0,6.93,519.72,wheat
105.6,39.4,45.1,18.27,53.56,7.8,585.85,wheat
98.7,50.7,47.2,18.84,43.49,7.17,469.82,wheat
138.1,65.8,34.4,22.34,55.54,7.14,608.17,wheat
97.3,48.6,46.2,17.5,51.77,6.42,600.83,wheat
140.9,44.3,38.2,22.74,54.36,6.98,422.51,wheat
116.4,53.1,45.9,22.06,75.0,7.03,589.1,wheat
112.9,51.5,40.7,17.61,56.35,7.33,429.21,wheat
127.1,68.2,37.1,12.13,50.14,7.32,547.26,wheat
95.0,50.0,44.7,20.14,53.09,6.65,502.99,wheat
96.2,71.2,35.4,22.15,67.17,7.2,498.21,wheat
96.1,47.8,24.6,25.47,55.57,6.98,680.31,maize
93.0,50.8,28.4,26.26,61.2,6.85,548.1,maize
91.9,67.4,24.0,22.47,69.11,6.57,802.59,maize
97.3,54.3,36.7,25.73,63.07,6.77,1034.98,maize
88.0,38.3,36.6,24.14,50.0,6.84,669.7,maize
88.6,51.3,31.1,26.63,61.52,6.71,711.07,maize
101.1,54.2,24.4,27.76,60.71,6.82,805.09,maize
117.6,45.8,27.9,24.44,62.57,6.82,507.55,maize
74.2,37.3,35.7,29.63,64.16,6.43,760.51,maize
107.4,38.7,31.4,27.43,69.01,6.58,900.16,maize
60.0,54.8,26.1,19.01,69.09,7.05,729.38,maize
104.3,64.1,37.9,29.42,70.94,6.53,509.71,maize
86.3,39.6,43.0,23.97,65.99,6.72,756.54,maize
115.4,41.8,31.2,22.27,54.44,6.26,744.44,maize
83.6,41.1,21.6,24.25,52.96,6.8,762.37,maize
68.1,44.9,25.5,25.46,75.72,5.75,767.25,maize
87.6,54.7,31.3,22.24,62.45,6.18,911.4,maize
90.3,67.0,29.6,22.37,52.89,5.78,512.38,maize
94.0,53.1,20.5,27.19,61.14,6.56,991.83,maize
103.5,45.3,24.7,18.04,59.25,6.42,601.92,maize
88.0,48.8,28.7,22.55,66.35,6.68,586.44,maize
111.2,47.0,30.1,26.62,66.87,6.88,793.07,maize
80.8,51.6,23.1,24.83,64.73,6.42,730.72,maize
61.8,42.5,30.6,24.98,56.78,7.01,620.07,maize
104.5,52.3,26.1,29.83,55.45,6.87,900.09,maize
79.9,61.9,28.5,25.37,67.08,6.45,871.62,maize
101.9,30.5,37.8,19.51,73.26,6.95,586.36,maize
83.8,36.9,28.7,23.58,71.24,7.02,959.35,maize
81.6,45.9,19.9,22.08,72.72,7.15,564.85,maize
81.1,47.7,31.7,22.07,68.39,6.31,747.83,maize
98.2,48.1,27.4,24.17,64.29,6.35,711.18,maize
114.0,53.6,28.2,26.59,62.33,6.97,805.45,maize
88.4,52.5,20.6,21.12,55.45,6.56,1009.88,maize
123.5,54.4,33.0,19.1,60.66,6.18,656.87,maize
87.5,43.3,18.1,26.74,56.42,6.6,1061.11,maize
76.2,25.0,28.3,27.8,80.0,6.01,824.5,maize
83.0,46.9,45.0,19.99,67.03,6.69,912.87,maize
91.5,51.1,27.7,25.31,62.25,6.75,694.56,maize
95.7,47.7,36.8,24.35,50.82,7.0,614.14,maize
80.2,42.0,38.2,18.09,80.0,6.92,783.49,maize
89.2,50.9,33.1,26.44,69.44,6.54,720.4,maize
87.7,46.1,36.8,26.28,50.0,6.76,779.21,maize
89.7,44.1,36.7,27.34,58.82,6.66,604.25,maize
69.3,41.7,35.2,27.36,69.1,6.79,827.43,maize
80.4,52.3,34.8,26.76,74.51,6.78,802.72,maize
106.1,47.7,24.7,24.01,59.04,6.23,728.32,maize
78.1,44.9,18.6,25.14,65.01,6.17,848.89,maize
104.1,31.9,25.4,22.19,57.48,6.83,720.93,maize
86.0,28.0,33.8,20.78,65.48,6.61,954.1,maize
70.4,25.0,31.1,29.9,74.91,6.58,676.25,maize
102.1,38.3,32.9,26.02,73.48,7.5,808.86,maize
82.4,47.7,19.4,22.42,61.73,6.29,772.85,maize
77.7,59.2,30.0,24.47,62.38,6.56,873.76,maize
77.0,41.4,28.2,20.46,58.45,6.31,881.16,maize
93.9,49.9,35.1,24.09,68.12,6.46,789.8,maize
81.3,25.0,29.2,28.77,72.41,6.89,935.42,maize
91.3,50.0,26.3,23.55,69.93,6.98,729.08,maize
83.2,48.0,33.6,20.17,50.0,6.28,566.89,maize
82.4,46.5,27.3,28.86,67.61,6.62,843.33,maize
72.9,58.4,29.5,26.51,56.43,5.88,872.68,maize
95.6,39.0,24.8,27.88,55.48,7.16,614.91,maize
99.6,44.7,33.6,22.87,63.7,6.52,599.67,maize
101.1,42.9,28.6,21.52,50.0,6.42,1100.0,maize
101.8,47.8,28.4,24.57,69.38,6.03,917.15,maize
100.7,55.2,32.6,24.56,70.38,6.74,696.89,maize
81.4,49.0,39.3,20.78,53.26,6.57,757.63,maize
92.6,50.4,28.7,28.97,52.19,6.17,734.51,maize
65.4,46.2,40.0,24.56,66.85,6.0,657.55,maize
84.4,44.8,37.7,26.17,56.11,6.6,824.73,maize
107.1,63.8,23.9,22.07,54.94,6.41,819.95,maize
104.8,47.2,28.1,24.96,58.32,7.34,508.85,maize
92.8,68.2,30.0,23.93,62.14,6.43,955.93,maize
60.0,63.3,21.5,23.7,61.57,6.74,510.28,maize
96.9,68.2,21.8,25.07,59.7,6.67,752.87,maize
80.4,52.9,40.8,23.93,70.76,5.98,606.53,maize
97.1,62.8,32.1,23.56,64.99,6.0,840.68,maize
103.2,43.5,27.2,25.3,61.51,6.47,1064.96,maize
86.3,44.4,26.1,26.73,63.55,6.24,948.2,maize
111.3,42.0,18.8,27.52,59.52,6.82,454.48,maize
103.4,35.9,34.4,24.54,57.37,6.34,852.95,maize
91.6,53.8,41.9,19.81,77.94,6.54,615.18,maize
70.0,46.1,35.5,24.12,77.09,5.92,748.19,maize
71.2,51.6,35.3,23.24,50.0,6.58,815.51,maize
96.1,60.4,23.6,26.54,74.54,5.79,797.95,maize
82.4,47.2,32.1,23.04,59.59,6.51,586.91,maize
73.7,54.8,23.1,26.5,68.7,5.81,648.37,maize
107.9,38.2,27.2,25.89,71.27,6.4,660.37,maize
111.3,65.4,35.9,24.76,58.53,6.17,828.38,maize
96.3,62.0,33.9,19.99,73.42,6.1,692.4,maize
93.8,68.0,45.0,26.32,63.53,6.71,883.15,maize
85.2,66.0,31.4,25.99,70.33,6.67,875.84,maize
80.7,42.4,23.4,25.82,71.23,6.68,1001.17,maize
89.9,54.7,23.4,23.34,70.56,6.84,705.9,maize
88.9,32.8,27.9,27.17,69.6,6.7,757.47,maize
90.1,41.4,34.2,25.76,68.94,6.29,450.0,maize
106.5,43.2,24.8,26.58,61.86,6.92,842.55,maize
100.3,34.3,37.3,25.28,62.05,6.56,483.56,maize
96.1,37.7,21.9,19.93,73.9,6.25,980.06,maize
82.0,30.9,23.3,28.21,63.75,6.28,774.0,maize
97.5,59.2,38.7,23.42,54.39,6.33,789.04,maize
75.5,38.4,32.1,24.35,65.26,6.2,715.44,maize
76.1,56.9,36.2,18.96,57.56,5.9,652.5,maize
88.7,33.5,24.5,21.49,66.66,6.53,641.74,maize
92.7,42.5,28.4,29.52,75.72,5.98,874.46,maize
102.2,36.5,34.9,29.11,56.02,6.13,902.65,maize
94.1,53.5,32.0,25.67,54.39,6.92,925.44,maize
86.6,47.6,20.8,26.04,69.58,6.48,918.65,maize
85.0,53.6,23.9,24.43,63.61,6.59,694.57,maize
88.0,56.3,27.4,19.68,79.0,7.05,556.16,maize
100.3,43.0,31.6,25.38,63.12,6.19,646.42,maize
76.3,39.7,29.6,22.35,70.46,7.09,662.99,maize
93.6,53.0,32.8,24.73,70.94,6.69,564.35,maize
103.0,56.9,25.4,24.61,70.47,6.42,910.95,maize
125.5,40.1,21.7,25.41,70.77,6.41,967.99,maize
69.9,54.9,26.4,29.66,80.0,6.19,667.57,maize
102.9,44.1,29.7,24.58,50.0,6.49,646.54,maize
82.6,62.4,22.5,26.94,62.77,6.39,868.56,maize
95.1,53.7,35.8,23.51,60.1,6.07,626.19,maize
130.0,60.4,21.9,20.53,68.85,6.72,832.33,maize
86.2,46.7,32.0,24.76,50.0,6.41,622.29,maize
36.4,95.0,47.9,25.06,74.45,6.89,925.62,soybean
39.9,94.7,36.0,27.42,61.52,6.92,684.64,soybean
31.7,66.5,52.8,28.76,59.28,6.72,722.28,soybean
24.9,67.4,42.5,33.0,71.03,6.15,748.34,soybean
43.2,95.0,32.3,20.36,81.1,6.86,693.71,soybean
39.3,45.0,45.0,26.98,74.47,6.29,865.42,soybean
27.6,73.1,37.8,24.78,61.03,6.96,1004.52,soybean
33.1,70.5,33.4,25.1,67.65,7.6,649.85,soybean
46.7,82.0,47.2,31.28,70.6,6.86,840.44,soybean
44.8,83.2,40.0,22.04,66.58,6.38,838.57,soybean
44.9,64.5,44.7,26.17,73.94,5.8,740.79,soybean
36.7,84.4,41.1,20.37,72.34,6.45,635.86,soybean
30.0,67.8,40.2,20.0,74.28,7.21,967.27,soybean
25.9,67.6,44.9,27.8,72.68,6.41,864.76,soybean
38.7,87.5,50.6,28.37,68.59,7.26,923.76,soybean
28.1,86.8,50.6,24.67,64.64,6.82,933.37,soybean
36.6,73.7,58.6,29.21,69.33,7.08,664.15,soybean
38.2,91.7,43.3,23.46,63.44,6.26,708.74,soybean
32.0,53.1,45.1,28.71,61.65,7.31,941.94,soybean
43.2,62.1,51.8,22.72,74.23,6.77,949.59,soybean
25.6,59.3,49.8,23.15,71.24,6.15,1002.67,soybean
25.1,76.6,50.0,23.91,72.07,6.8,753.01,soybean
26.9,46.4,47.8,21.31,68.67,6.59,972.25,soybean
32.6,66.0,50.9,27.01,70.21,6.89,573.6,soybean
41.1,77.3,36.9,25.27,67.72,6.65,910.09,soybean
46.5,83.0,34.5,27.87,77.3,6.85,1046.38,soybean
51.1,82.3,47.0,29.14,69.01,6.71,786.75,soybean
47.5,60.2,57.3,27.5,58.2,6.85,550.0,soybean
40.0,80.6,40.3,26.37,81.68,6.5,659.4,soybean
46.9,93.6,45.0,29.03,77.39,6.4,762.64,soybean
44.8,90.2,49.5,23.36,81.91,6.49,789.68,soybean
37.7,88.6,51.8,27.24,71.24,6.72,950.47,soybean
15.0,66.4,46.9,22.55,70.7,6.62,1165.99,soybean
47.6,64.4,43.8,25.78,64.84,6.78,713.51,soybean
26.0,77.5,50.0,23.59,74.27,6.45,895.57,soybean
41.6,69.6,48.6,24.45,66.62,6.62,715.62,soybean
33.6,51.4,41.1,25.15,66.21,6.6,838.88,soybean
38.8,80.5,39.8,22.39,60.71,6.51,786.65,soybean
28.8,54.4,41.4,26.54,72.17,6.48,775.66,soybean
27.6,69.6,38.2,27.72,55.5,6.56,904.2,soybean
36.5,95.0,47.8,22.99,67.33,5.99,835.49,soybean
28.3,81.0,40.6,25.65,63.55,7.4,792.18,soybean
49.7,79.8,48.9,27.11,70.76,5.93,799.8,soybean
41.8,69.4,33.8,25.84,79.93,7.2,838.84,soybean
42.6,65.6,31.4,23.23,78.94,6.59,806.19,soybean
32.6,92.8,58.0,32.66,66.89,6.82,577.0,soybean
46.8,56.0,46.7,22.71,63.88,6.37,740.58,soybean
30.7,63.4,51.7,22.69,69.54,7.19,757.62,soybean
29.3,67.2,54.4,26.58,64.28,6.89,651.59,soybean
40.5,74.9,42.5,23.48,61.79,6.91,1071.22,soybean
29.9,75.5,28.3,24.25,67.78,6.34,681.43,soybean
29.7,73.5,43.5,20.0,53.16,6.46,932.38,soybean
15.0,64.0,40.8,30.17,65.3,6.85,875.43,soybean
18.0,79.2,46.7,27.52,85.0,5.87,1160.45,soybean
32.7,73.4,44.6,24.73,64.01,6.83,576.91,soybean
41.0,65.0,36.0,24.65,76.8,6.49,914.52,soybean
29.2,79.1,50.5,31.55,66.77,6.97,867.65,soybean
45.4,61.4,51.0,25.42,67.55,6.74,895.4,soybean
34.1,72.6,57.6,28.96,74.08,6.52,689.94,soybean
42.6,80.5,56.8,24.19,66.39,6.04,779.36,soybean
43.0,64.4,50.1,25.43,70.27,6.24,865.34,soybean
15.0,67.8,32.0,29.62,73.44,6.89,1123.78,soybean
27.4,91.0,52.5,25.29,75.95,6.26,701.59,soybean
30.1,63.7,36.5,29.67,66.19,6.84,747.34,soybean
20.4,73.2,29.7,25.79,58.42,7.49,1014.05,soybean
35.8,85.2,38.2,27.63,69.4,6.81,1079.02,soybean
40.9,73.5,31.8,23.12,67.14,6.74,646.56,soybean
54.3,88.2,49.8,26.22,66.51,6.32,863.95,soybean
37.1,55.1,47.7,25.53,54.65,6.36,775.55,soybean
50.1,76.7,34.3,27.46,57.17,7.13,765.2,soybean
34.3,85.9,34.7,21.81,63.91,7.12,576.52,soybean
15.0,64.6,49.4,29.6,64.76,6.54,1057.7,soybean
20.0,65.3,46.5,27.35,64.43,6.71,550.0,soybean
29.7,75.4,37.1,26.18,71.13,6.56,880.68,soybean
27.3,67.5,49.9,26.47,63.89,6.79,978.63,soybean
18.6,83.9,42.3,27.28,76.38,6.15,722.3,soybean
32.7,60.6,58.9,23.43,64.11,6.78,633.61,soybean
31.8,73.8,42.3,25.72,64.29,6.09,907.89,soybean
49.0,70.2,46.8,28.08,59.11,7.38,886.42,soybean
48.1,61.2,59.5,28.33,71.87,6.79,805.26,soybean
44.6,71.7,29.3,22.65,66.7,6.82,839.81,soybean
44.8,46.6,46.1,20.55,73.32,6.66,925.53,soybean
28.1,85.4,53.3,27.75,67.09,6.93,722.76,soybean
41.8,89.8,53.6,23.81,70.53,6.18,953.03,soybean
38.6,47.6,35.7,25.15,65.89,6.22,920.02,soybean
37.0,67.7,39.0,29.15,79.59,6.51,739.81,soybean
38.9,65.7,43.9,28.22,54.63,7.23,863.08,soybean
31.7,68.9,44.7,20.81,78.46,6.72,929.74,soybean
42.6,57.7,48.8,25.2,73.93,5.85,832.16,soybean
30.2,75.2,48.8,23.88,63.01,6.66,688.6,soybean
41.7,65.6,25.0,24.88,60.73,6.05,627.26,soybean
35.9,85.9,47.5,24.18,71.19,6.52,724.97,soybean
25.8,49.0,41.9,26.47,67.32,6.53,679.77,soybean
39.9,54.2,51.2,22.99,62.73,6.11,759.75,soybean
42.8,76.2,52.8,27.57,60.27,6.57,709.56,soybean
45.6,55.6,52.1,28.68,80.81,6.54,978.22,soybean
53.3,62.6,32.7,20.36,72.99,5.95,782.98,soybean
38.5,72.2,48.4,26.67,76.95,6.32,728.14,soybean
28.8,80.0,52.2,27.35,76.28,6.23,1150.1,soybean
47.2,78.8,59.3,21.03,64.33,6.41,979.87,soybean
26.6,79.1,56.0,28.09,69.99,6.3,697.57,soybean
45.0,79.4,44.7,24.75,53.82,6.27,1194.06,soybean
24.8,72.3,53.1,22.24,69.29,7.08,852.25,soybean
55.0,50.0,53.5,25.48,73.4,6.88,718.03,soybean
36.8,47.7,49.8,26.89,72.47,7.12,916.17,soybean
36.2,59.4,39.3,29.56,78.05,6.6,858.28,soybean
27.8,84.1,50.3,31.82,61.85,6.55,891.66,soybean
40.2,67.4,38.0,28.64,73.05,6.33,1093.98,soybean
44.4,71.6,45.6,27.66,61.97,6.71,550.0,soybean
42.0,51.3,57.0,25.01,66.52,6.45,798.15,soybean
46.3,45.0,55.2,27.01,59.55,6.27,1151.75,soybean
27.4,56.2,54.1,27.02,61.43,6.79,665.36,soybean
43.8,82.7,49.3,27.08,80.33,6.7,637.26,soybean
38.6,95.0,36.9,24.92,70.92,6.68,673.19,soybean
44.0,95.0,46.6,23.29,57.16,6.8,1048.7,soybean
38.8,70.0,40.3,22.72,73.84,7.07,571.77,soybean
47.7,76.9,56.2,21.97,58.44,6.64,940.5,soybean
49.4,78.5,43.1,22.92,76.61,6.31,1143.12,soybean
32.7,89.1,50.4,25.59,64.36,6.56,927.1,soybean
35.6,62.9,43.7,26.24,53.1,6.88,673.65,soybean
99.5,28.1,27.6,24.26,52.33,8.18,715.86,cotton
120.8,49.0,43.0,28.73,48.44,7.93,1089.15,cotton
91.1,34.8,39.8,25.62,62.05,6.84,1146.41,cotton
137.0,47.1,50.2,32.87,53.49,6.79,812.5,cotton
131.8,46.4,29.4,26.19,57.41,7.16,1115.61,cotton
95.8,50.1,53.9,36.95,54.76,7.45,891.16,cotton
121.1,44.0,45.5,21.0,63.46,7.26,764.4,cotton
150.7,38.3,38.8,35.97,51.34,6.92,776.48,cotton
131.5,47.1,31.7,27.14,53.14,7.16,868.13,cotton
124.7,27.2,50.5,29.88,69.08,7.42,976.21,cotton
125.5,58.5,46.2,28.66,75.0,7.64,891.8,cotton
97.6,32.1,44.3,29.51,53.09,7.27,1054.18,cotton
129.1,33.6,41.1,26.18,54.9,6.99,723.58,cotton
97.9,43.7,37.5,21.0,74.42,7.74,739.79,cotton
118.3,33.3,55.6,35.64,59.25,7.71,828.05,cotton
96.6,40.9,43.1,27.41,56.25,7.15,787.06,cotton
118.8,34.4,36.3,24.5,65.82,6.15,984.57,cotton
140.2,42.0,21.2,27.74,57.49,6.69,717.57,cotton
142.5,51.6,34.6,23.41,55.38,7.09,879.39,cotton
109.4,50.1,57.5,31.85,57.62,7.11,742.93,cotton
136.9,38.7,42.4,29.18,53.99,6.51,851.68,cotton
117.0,50.0,37.7,33.27,50.99,8.06,520.38,cotton
125.0,49.8,35.6,30.49,68.24,6.09,880.44,cotton
80.0,35.3,55.0,26.96,48.61,7.1,1130.87,cotton
88.7,34.5,54.0,35.5,57.17,6.58,1135.33,cotton
143.5,51.8,35.5,28.83,56.72,7.37,1032.16,cotton
132.1,34.2,53.0,30.1,63.5,7.93,622.15,cotton
117.4,39.7,29.5,30.21,75.0,6.28,794.84,cotton
128.2,46.2,41.1,24.45,59.86,6.82,500.0,cotton
137.1,54.6,42.4,29.8,66.59,7.31,944.64,cotton
113.2,58.1,44.6,29.68,47.84,7.34,666.89,cotton
107.8,36.8,33.5,36.44,68.65,8.16,604.34,cotton
119.1,32.1,36.4,25.79,67.92,7.0,970.94,cotton
127.7,68.0,30.2,33.41,67.17,6.71,961.14,cotton
123.4,42.7,35.4,26.48,74.4,7.2,925.14,cotton
105.3,37.2,50.7,24.28,54.68,7.22,817.82,cotton
115.1,49.0,47.5,31.57,50.11,7.06,991.16,cotton
132.3,31.3,44.8,22.08,58.38,8.15,648.34,cotton
104.7,52.6,29.7,26.79,62.77,6.88,762.24,cotton
129.9,49.2,44.1,27.81,60.96,7.14,873.25,cotton
110.0,43.2,34.1,28.88,51.51,6.64,841.39,cotton
121.4,52.8,38.6,30.43,62.41,7.42,667.9,cotton
120.4,48.6,42.1,21.7,59.28,8.31,742.39,cotton
106.4,48.7,44.5,33.17,47.94,7.57,894.47,cotton
115.7,48.4,50.2,32.05,48.86,7.61,789.65,cotton
119.2,45.7,40.8,33.17,57.33,6.64,737.04,cotton
120.9,57.3,46.8,26.02,75.0,7.33,1004.06,cotton
115.6,50.3,48.7,33.26,66.46,7.64,749.59,cotton
108.9,48.3,49.5,28.22,66.52,7.93,653.39,cotton
104.6,43.6,44.5,27.16,68.82,7.41,806.31,cotton
95.0,31.8,44.2,21.54,66.1,7.12,1200.0,cotton
154.9,43.2,41.1,32.48,71.63,6.38,514.18,cotton
108.0,50.8,46.0,32.74,48.4,6.04,937.28,cotton
104.7,25.0,43.2,31.78,57.02,6.97,774.5,cotton
112.1,31.5,36.3,30.82,60.57,7.28,640.78,cotton
115.1,25.0,43.4,34.0,46.21,6.91,852.66,cotton
138.0,40.5,36.5,22.11,58.83,8.22,844.38,cotton
117.6,48.2,41.9,26.15,64.59,7.31,802.82,cotton
102.4,58.0,47.3,27.06,66.01,6.95,674.88,cotton
105.8,27.3,45.8,22.59,48.17,6.16,786.23,cotton
115.6,41.7,33.7,24.9,61.71,6.92,850.62,cotton
103.8,46.8,52.4,31.05,54.7,7.33,761.49,cotton
118.1,41.7,40.7,29.74,50.05,6.69,577.83,cotton
92.4,32.8,43.3,25.88,62.11,7.22,500.0,cotton
128.5,53.1,34.0,30.47,51.15,7.25,597.68,cotton
89.3,41.2,41.0,27.61,48.53,7.0,843.09,cotton
117.3,46.8,36.6,33.1,48.59,7.44,989.1,cotton
125.7,43.0,37.8,32.63,46.62,6.71,736.39,cotton
137.8,48.8,34.3,27.91,53.09,6.85,956.62,cotton
96.1,61.1,48.6,32.82,54.3,7.13,570.7,cotton
109.6,49.9,52.4,25.12,55.08,7.12,576.67,cotton
127.5,37.8,40.4,27.42,51.69,7.2,765.5,cotton
112.1,37.7,44.6,34.79,59.12,7.7,577.56,cotton
120.5,34.0,30.2,26.41,67.54,7.68,838.88,cotton
93.5,43.0,44.4,29.61,43.25,6.75,789.75,cotton
126.6,25.0,40.7,29.5,64.8,7.55,893.21,cotton
105.2,25.9,38.9,32.51,69.15,7.56,868.69,cotton
124.1,39.4,41.0,34.84,50.46,8.01,748.48,cotton
139.2,30.9,46.7,26.42,46.68,7.31,961.52,cotton
104.5,30.0,41.3,28.69,62.39,7.67,790.49,cotton
147.7,47.2,39.2,23.36,55.9,7.03,953.65,cotton
125.4,33.2,43.4,31.35,70.22,7.64,921.74,cotton
119.0,48.9,52.0,24.34,55.2,6.81,860.66,cotton
137.7,39.0,22.9,27.56,65.31,7.47,868.51,cotton
113.5,32.2,46.1,26.08,75.0,7.49,707.1,cotton
108.2,44.1,40.1,32.91,59.49,6.83,1102.47,cotton
118.8,52.7,37.1,30.27,60.49,6.26,1122.44,cotton
138.7,41.0,33.2,30.22,58.69,7.38,830.65,cotton
126.1,59.5,46.5,25.33,68.9,8.02,1200.0,cotton
100.0,47.4,25.3,30.94,53.61,8.16,676.06,cotton
91.0,40.3,26.2,31.63,41.48,7.21,500.0,cotton
112.9,61.4,44.9,25.98,57.75,7.21,875.62,cotton
96.1,50.9,20.4,26.8,54.09,7.52,803.62,cotton
95.5,35.2,43.6,28.72,53.37,6.96,911.39,cotton
109.7,44.1,59.4,24.02,43.19,7.59,691.42,cotton
112.9,37.2,39.9,34.59,64.42,7.63,573.4,cotton
99.6,25.0,35.5,32.35,62.14,7.09,796.43,cotton
107.0,47.0,48.1,23.34,60.4,7.67,733.58,cotton
129.2,70.0,41.2,30.38,52.1,7.29,873.64,cotton
121.1,34.8,43.7,34.12,61.59,7.68,762.08,cotton
130.0,47.8,34.4,30.11,50.07,6.88,830.29,cotton
122.8,33.1,50.4,31.0,52.36,6.43,776.82,cotton
110.9,46.1,39.1,21.97,54.89,7.05,901.39,cotton
106.8,61.8,26.7,33.59,56.21,7.63,812.77,cotton
136.2,41.1,33.2,33.97,57.09,7.31,997.56,cotton
101.5,51.0,37.3,28.54,58.58,6.45,675.39,cotton
139.6,53.9,41.5,29.85,55.65,7.88,767.94,cotton
121.7,56.5,35.8,34.46,45.76,8.01,740.37,cotton
114.1,26.1,38.4,25.36,53.14,7.13,953.25,cotton
121.3,48.1,33.2,25.92,72.39,6.83,1064.99,cotton
114.1,45.0,50.6,33.45,57.11,7.01,791.05,cotton
123.4,53.9,42.0,31.17,71.11,7.39,849.86,cotton
93.7,25.0,45.1,28.67,53.88,7.32,790.34,cotton
136.0,45.9,36.0,32.47,56.26,7.46,723.61,cotton
107.6,45.8,42.1,30.68,55.85,6.28,730.76,cotton
130.7,42.0,40.0,32.45,52.3,6.43,774.3,cotton
110.3,35.3,40.6,30.72,57.93,7.35,1090.15,cotton
112.5,47.8,37.9,26.04,53.32,6.96,857.52,cotton
155.0,37.8,38.7,28.78,61.17,7.33,1005.46,cotton
80.0,25.0,38.0,32.84,45.47,6.0,891.39,cotton
33.9,54.1,32.1,17.09,35.88,7.05,549.41,chickpea
15.0,56.4,31.0,19.23,30.7,7.62,314.07,chickpea
32.4,70.6,54.9,18.55,37.6,6.58,300.0,chickpea
38.8,64.9,49.4,15.88,39.16,8.05,541.97,chickpea
34.2,65.1,27.4,24.07,30.11,7.5,343.7,chickpea
22.6,79.4,37.2,24.36,34.37,6.56,589.21,chickpea
27.3,72.0,40.2,15.37,36.31,8.18,549.3,chickpea
31.5,75.8,41.7,20.63,26.27,7.39,603.54,chickpea
25.3,79.2,39.3,17.34,42.98,7.19,575.95,chickpea
29.7,64.4,43.9,20.87,19.04,6.85,592.94,chickpea
30.9,59.8,29.1,16.76,18.83,7.26,440.16,chickpea
24.3,64.3,42.9,26.28,22.9,7.76,597.31,chickpea
25.8,67.0,36.3,20.56,47.07,7.54,550.86,chickpea
28.6,50.2,38.3,23.62,22.78,6.88,512.63,chickpea
24.1,57.1,36.6,15.9,27.21,7.58,369.26,chickpea
19.2,58.7,45.9,19.41,31.28,7.32,325.43,chickpea
36.0,68.8,36.7,23.02,25.98,7.75,515.45,chickpea
29.3,64.8,39.1,23.66,26.39,6.99,603.63,chickpea
27.2,74.0,53.6,18.79,40.45,6.84,575.47,chickpea
33.6,69.7,34.8,15.02,39.03,6.47,468.26,chickpea
39.5,66.9,55.6,23.08,29.77,7.31,495.26,chickpea
19.3,55.6,35.5,13.89,35.38,7.2,332.71,chickpea
35.2,72.2,41.8,19.03,39.73,7.57,530.74,chickpea
25.4,67.8,49.6,18.21,51.78,7.09,503.24,chickpea
26.6,67.2,26.1,18.36,26.26,7.35,599.44,chickpea
37.2,41.3,56.3,20.89,28.79,7.36,517.62,chickpea
26.7,67.0,35.1,18.79,29.51,6.73,514.58,chickpea
36.7,70.1,46.6,20.97,30.74,7.64,364.25,chickpea
24.8,55.4,48.6,22.83,38.9,7.73,412.07,chickpea
34.8,63.7,46.8,19.65,31.92,7.52,587.62,chickpea
26.7,64.4,31.5,12.51,36.6,7.54,526.21,chickpea
16.4,61.5,22.3,24.11,26.31,7.8,594.59,chickpea
24.8,53.7,42.8,17.47,35.82,7.11,321.88,chickpea
15.0,67.3,35.5,18.34,40.57,7.77,472.75,chickpea
29.3,70.0,29.1,20.67,39.42,7.57,306.32,chickpea
25.9,56.2,40.8,21.44,46.97,7.1,450.24,chickpea
41.2,68.0,50.1,20.87,25.74,6.77,344.85,chickpea
37.3,76.9,54.8,22.53,44.3,7.07,384.36,chickpea
38.8,69.2,40.9,21.16,37.59,7.81,629.5,chickpea
36.4,73.5,44.1,18.62,41.05,6.74,605.39,chickpea
22.4,67.9,33.2,21.66,34.73,6.66,542.07,chickpea
27.4,73.8,40.0,21.19,27.34,7.06,454.14,chickpea
38.9,81.8,33.6,23.23,17.64,6.82,404.12,chickpea
21.2,49.2,43.3,19.36,38.04,7.58,526.56,chickpea
37.3,64.3,30.5,23.17,30.29,6.93,482.21,chickpea
24.7,60.8,42.8,21.05,27.82,7.1,607.43,chickpea
36.0,85.0,49.4,23.43,23.9,7.61,494.69,chickpea
27.6,66.7,47.6,21.5,27.97,7.6,436.24,chickpea
33.7,62.0,38.2,22.3,26.68,8.08,317.89,chickpea
27.2,68.7,44.7,19.7,34.54,7.46,476.89,chickpea
43.1,73.4,47.0,17.1,34.36,7.18,399.44,chickpea
34.9,59.6,45.2,16.79,48.75,6.94,521.93,chickpea
38.3,59.3,46.8,16.31,46.62,7.31,440.36,chickpea
29.6,73.1,35.3,17.75,33.23,6.83,682.05,chickpea
27.5,73.3,41.7,17.05,34.95,7.61,481.17,chickpea
41.5,75.2,47.4,18.62,26.36,7.05,519.62,chickpea
36.4,43.3,39.9,20.47,32.78,7.82,542.18,chickpea
42.5,62.8,47.5,24.91,45.49,6.86,474.63,chickpea
29.2,69.9,45.5,17.48,35.54,6.49,644.19,chickpea
27.9,65.6,37.5,23.44,15.0,7.29,489.42,chickpea
28.4,82.3,32.9,22.32,37.85,7.8,433.28,chickpea
26.1,76.0,43.4,15.37,30.69,7.45,583.78,chickpea
26.6,40.0,44.2,16.34,18.86,6.17,581.4,chickpea
33.0,62.7,51.1,21.91,47.93,6.74,496.54,chickpea
19.1,62.7,38.0,21.88,35.36,7.55,570.34,chickpea
49.2,61.8,32.5,20.74,28.58,7.89,471.68,chickpea
27.5,60.3,45.7,19.53,29.87,7.97,414.38,chickpea
32.3,71.5,26.9,21.44,26.56,7.63,403.73,chickpea
37.5,76.1,46.9,20.75,33.15,7.07,647.1,chickpea
26.4,54.6,45.3,17.61,27.4,6.72,451.71,chickpea
31.3,67.4,47.6,21.58,33.47,7.22,551.02,chickpea
42.2,66.3,36.2,17.02,23.44,7.57,557.8,chickpea
36.6,63.7,51.3,18.55,42.64,7.28,439.16,chickpea
36.7,69.1,42.9,20.24,34.7,8.2,618.43,chickpea
37.8,66.1,48.1,21.55,35.21,7.18,491.91,chickpea
15.0,67.1,36.1,24.78,35.15,6.82,495.01,chickpea
23.6,69.7,42.3,22.87,28.67,7.31,363.5,chickpea
37.6,70.2,44.0,20.0,38.32,7.94,471.49,chickpea
33.1,54.1,33.1,20.29,43.83,7.2,476.41,chickpea
28.7,59.7,42.4,15.51,45.25,7.03,572.19,chickpea
21.8,71.7,45.4,21.15,27.04,7.4,381.69,chickpea
30.0,75.3,46.4,20.05,27.2,7.56,501.94,chickpea
15.0,72.8,39.8,23.61,26.24,6.03,527.91,chickpea
34.3,48.1,32.2,28.0,32.56,7.59,434.93,chickpea
15.3,63.3,37.9,18.8,34.08,7.41,484.99,chickpea
21.9,69.9,24.4,13.85,40.91,7.5,494.26,chickpea
20.8,57.9,37.9,15.21,29.09,7.56,642.73,chickpea
28.6,72.6,24.7,21.98,28.57,7.42,475.22,chickpea
42.6,56.3,45.0,19.16,33.73,7.23,415.43,chickpea
31.9,64.4,41.9,20.25,41.38,7.67,394.94,chickpea
39.0,53.1,44.7,21.86,19.71,7.34,453.15,chickpea
25.9,78.5,34.8,17.58,35.61,7.57,485.84,chickpea
41.3,70.3,22.6,18.41,30.51,7.49,300.0,chickpea
50.0,70.3,41.2,23.54,53.75,7.65,594.88,chickpea
33.0,63.6,36.2,17.52,29.5,6.76,492.41,chickpea
18.5,66.9,39.7,20.44,30.82,8.2,636.01,chickpea
22.0,67.3,35.1,16.96,24.28,7.47,431.86,chickpea
39.7,74.9,51.0,17.44,38.8,7.55,452.58,chickpea
25.8,81.1,41.8,21.91,28.42,6.81,443.06,chickpea
31.0,54.4,39.9,14.93,26.04,7.57,560.38,chickpea
28.9,54.8,31.8,18.88,40.16,7.67,450.35,chickpea
22.8,67.7,33.4,18.45,45.6,7.63,515.8,chickpea
21.8,67.1,48.5,18.87,45.81,7.82,666.37,chickpea
34.4,70.9,51.3,21.34,30.99,7.12,523.86,chickpea
21.7,63.6,48.8,13.43,47.28,7.75,454.02,chickpea
36.3,65.0,49.8,22.95,23.8,7.53,479.44,chickpea
32.7,57.7,54.0,23.12,29.08,6.77,461.43,chickpea
35.5,67.4,50.0,22.37,42.76,7.43,361.07,chickpea
30.4,75.6,39.6,21.51,32.45,6.89,487.67,chickpea
34.5,58.4,38.1,17.18,43.95,7.18,645.28,chickpea
44.2,64.2,31.9,13.74,23.22,6.75,637.85,chickpea
32.9,68.9,22.2,16.41,42.1,7.41,485.28,chickpea
36.5,81.4,38.2,20.21,36.54,8.2,300.0,chickpea
37.5,63.9,44.5,18.03,34.61,7.58,750.0,chickpea
38.5,56.5,36.6,18.64,20.63,7.17,573.28,chickpea
21.8,75.5,43.9,17.8,33.87,7.94,573.35,chickpea
32.1,62.6,40.6,18.46,18.16,8.12,515.53,chickpea
35.2,64.4,34.1,19.44,22.2,8.2,376.55,chickpea
23.7,60.6,50.3,20.04,25.11,7.8,573.1,chickpea
36.3,72.2,59.2,26.56,29.51,7.95,538.32,chickpea
31.0,43.1,31.0,24.66,64.62,7.03,500.0,pigeonpeas
27.9,71.2,30.9,30.05,60.81,6.74,759.3,pigeonpeas
20.7,48.8,36.3,27.57,56.89,6.43,754.22,pigeonpeas
34.3,56.6,24.0,30.1,56.36,6.61,1041.14,pigeonpeas
27.9,62.9,24.9,26.73,62.88,5.98,830.13,pigeonpeas
28.6,60.4,38.2,28.67,69.82,6.2,820.39,pigeonpeas
28.5,49.3,37.7,35.0,57.86,6.8,812.68,pigeonpeas
23.7,41.8,27.8,22.63,71.63,6.55,748.11,pigeonpeas
33.3,48.8,27.4,27.74,66.23,6.8,837.25,pigeonpeas
28.5,64.0,33.2,23.9,58.37,6.17,812.16,pigeonpeas
25.1,80.0,31.8,22.59,56.93,6.81,1051.0,pigeonpeas
24.5,44.2,36.9,22.67,54.51,6.5,789.55,pigeonpeas
32.1,53.2,30.4,27.45,59.2,6.64,865.4,pigeonpeas
33.1,63.9,34.7,21.96,58.4,6.79,909.34,pigeonpeas
23.8,53.4,28.6,29.38,66.27,6.44,936.19,pigeonpeas
28.7,58.8,30.7,30.11,60.6,7.51,672.17,pigeonpeas
31.1,54.7,26.8,27.46,59.1,7.77,772.38,pigeonpeas
21.2,62.7,19.6,27.18,58.13,6.92,946.04,pigeonpeas
25.0,58.5,27.4,23.55,60.48,6.09,737.81,pigeonpeas
22.0,65.5,42.8,22.94,43.18,6.55,802.35,pigeonpeas
29.3,55.5,30.8,28.79,66.32,5.82,744.66,pigeonpeas
29.3,50.8,42.4,25.28,57.67,6.82,711.31,pigeonpeas
16.9,55.7,38.2,26.32,51.23,6.97,750.38,pigeonpeas
24.9,61.5,36.6,35.0,64.62,7.06,724.11,pigeonpeas
21.8,60.6,32.6,23.73,56.6,6.76,854.06,pigeonpeas
31.0,62.9,29.0,25.7,48.41,7.31,802.02,pigeonpeas
26.7,50.7,49.6,23.74,54.57,6.77,890.03,pigeonpeas
33.7,78.1,35.0,23.8,55.94,6.72,1110.23,pigeonpeas
19.6,72.0,33.1,30.43,57.18,6.26,912.63,pigeonpeas
31.9,69.7,31.9,25.4,45.53,6.93,863.58,pigeonpeas
22.2,54.6,29.2,22.31,51.46,6.15,738.13,pigeonpeas
23.6,43.7,44.1,31.88,51.77,6.71,862.62,pigeonpeas
35.1,51.8,38.6,25.58,47.31,6.89,993.61,pigeonpeas
43.5,48.0,36.2,26.07,64.27,6.01,610.58,pigeonpeas
23.3,60.8,28.2,29.81,66.22,6.84,1042.82,pigeonpeas
30.5,47.8,40.2,25.38,65.28,7.23,868.5,pigeonpeas
19.0,50.8,39.9,26.91,58.64,6.9,904.45,pigeonpeas
29.7,57.9,30.1,30.5,62.43,6.5,962.32,pigeonpeas
27.2,51.5,27.4,24.07,55.82,7.09,679.24,pigeonpeas
29.1,53.4,30.4,22.21,56.24,6.52,881.04,pigeonpeas
29.3,48.0,38.5,28.24,59.59,6.6,722.34,pigeonpeas
29.3,64.8,21.5,25.61,55.96,6.7,979.0,pigeonpeas
23.4,55.0,28.9,24.69,55.22,6.91,641.92,pigeonpeas
30.6,43.0,28.6,26.35,71.4,6.49,500.0,pigeonpeas
16.0,60.3,35.7,28.81,59.34,7.06,719.06,pigeonpeas
33.4,43.7,26.6,21.18,55.8,6.58,817.12,pigeonpeas
28.4,50.7,30.9,22.26,68.91,6.48,726.67,pigeonpeas
37.5,47.6,25.2,23.66,57.46,6.77,910.95,pigeonpeas
43.4,37.5,35.7,25.55,53.31,6.35,663.68,pigeonpeas
38.1,68.4,32.1,32.23,45.9,6.07,500.0,pigeonpeas
23.8,61.6,32.6,28.02,46.71,6.92,835.94,pigeonpeas
32.4,41.1,33.9,23.34,54.82,6.81,813.66,pigeonpeas
22.9,60.1,22.8,31.53,56.36,7.05,721.02,pigeonpeas
24.9,52.4,37.3,25.02,63.16,6.45,503.61,pigeonpeas
24.6,48.2,32.2,23.33,65.41,6.56,773.36,pigeonpeas
31.9,69.6,31.9,24.8,43.81,6.33,707.42,pigeonpeas
28.6,56.5,36.1,25.35,57.54,7.07,851.27,pigeonpeas
27.6,54.0,28.2,24.52,53.67,6.9,766.72,pigeonpeas
19.9,77.7,33.9,22.58,54.47,6.64,1055.69,pigeonpeas
21.4,69.8,40.4,25.3,55.78,6.19,769.48,pigeonpeas
27.8,66.6,38.5,24.88,42.26,6.59,844.03,pigeonpeas
29.5,56.7,32.7,32.8,61.05,6.45,724.97,pigeonpeas
27.0,76.4,30.9,27.43,54.14,7.04,1093.98,pigeonpeas
30.7,60.8,32.2,20.0,63.96,6.65,864.25,pigeonpeas
23.7,56.2,29.5,31.08,54.97,7.43,864.63,pigeonpeas
20.3,58.7,28.1,20.0,70.8,6.88,879.98,pigeonpeas
29.0,46.2,29.1,30.45,49.59,5.59,765.93,pigeonpeas
27.1,61.4,36.4,29.73,60.07,7.08,572.15,pigeonpeas
31.0,66.3,24.6,22.24,52.03,6.34,913.01,pigeonpeas
24.3,51.4,28.3,31.42,58.1,6.53,783.5,pigeonpeas
35.8,52.5,39.9,28.24,56.72,7.6,641.65,pigeonpeas
25.9,47.7,37.7,33.41,71.36,7.09,770.36,pigeonpeas
25.8,43.3,44.2,29.14,54.06,7.13,654.09,pigeonpeas
30.4,58.3,35.8,27.28,46.39,6.63,957.33,pigeonpeas
27.8,67.8,25.7,27.41,53.0,6.9,804.72,pigeonpeas
32.1,70.9,36.1,28.46,50.01,6.6,720.04,pigeonpeas
25.9,56.3,26.1,20.65,52.65,6.68,597.77,pigeonpeas
28.1,79.0,38.1,33.25,61.13,7.07,691.41,pigeonpeas
24.1,35.0,39.1,32.89,53.57,6.5,686.92,pigeonpeas
30.3,71.2,21.5,28.93,55.79,6.65,868.85,pigeonpeas
26.9,59.0,30.7,30.9,61.35,6.69,609.36,pigeonpeas
25.7,69.0,32.2,29.81,72.13,7.02,813.97,pigeonpeas
24.9,35.0,31.0,26.36,61.12,6.54,751.94,pigeonpeas
17.3,50.6,34.9,33.51,57.22,6.73,942.87,pigeonpeas
23.1,63.7,27.6,30.53,59.21,6.72,682.61,pigeonpeas
32.2,80.0,26.0,26.31,59.85,6.91,716.07,pigeonpeas
15.0,73.6,36.6,21.4,53.14,7.23,1017.17,pigeonpeas
33.6,58.2,32.5,27.04,67.03,6.25,679.13,pigeonpeas
34.1,59.6,40.3,25.15,57.56,6.23,801.1,pigeonpeas
19.1,55.1,23.4,29.93,63.73,5.91,1000.08,pigeonpeas
43.0,60.5,28.2,35.0,47.45,6.61,826.94,pigeonpeas
36.1,63.6,29.0,24.17,55.27,6.2,807.17,pigeonpeas
24.6,45.1,39.5,25.76,47.85,6.53,810.26,pigeonpeas
17.5,63.3,25.7,33.49,62.19,6.44,688.22,pigeonpeas
27.4,66.1,31.8,26.74,58.47,6.36,748.52,pigeonpeas
15.5,69.7,33.8,24.79,73.19,6.63,644.58,pigeonpeas
33.1,64.0,34.4,26.01,61.6,6.5,883.39,pigeonpeas
16.6,55.7,42.3,24.82,53.17,6.42,617.78,pigeonpeas
15.0,57.7,32.8,27.32,56.84,6.62,953.43,pigeonpeas
26.9,54.3,30.3,29.53,69.3,6.35,814.84,pigeonpeas
30.0,50.1,32.1,22.37,43.85,6.75,742.42,pigeonpeas
29.2,59.8,26.1,27.34,48.14,7.16,596.6,pigeonpeas
26.8,49.6,35.4,26.34,53.85,6.94,804.41,pigeonpeas
31.1,50.2,23.6,27.88,55.45,6.85,788.01,pigeonpeas
29.2,43.8,43.3,26.93,63.58,6.27,846.2,pigeonpeas
20.2,64.5,29.9,27.6,63.58,6.11,697.33,pigeonpeas
30.7,80.0,31.2,29.57,57.14,7.38,537.92,pigeonpeas
28.6,43.7,17.0,28.54,59.12,6.49,784.07,pigeonpeas
45.0,57.4,35.1,25.23,60.36,6.5,738.42,pigeonpeas
38.9,71.8,32.8,20.0,55.11,7.68,765.4,pigeonpeas
34.6,74.4,33.3,24.55,40.0,6.87,677.79,pigeonpeas
29.1,47.5,30.4,27.62,60.15,6.15,979.54,pigeonpeas
24.4,43.3,31.3,27.62,59.28,7.14,764.53,pigeonpeas
27.3,49.0,36.9,28.15,54.64,5.84,1016.66,pigeonpeas
20.6,54.1,34.2,23.31,46.05,5.75,908.15,pigeonpeas
24.7,80.0,26.0,24.27,53.48,6.7,729.47,pigeonpeas
31.7,50.2,23.7,21.21,40.21,6.39,754.85,pigeonpeas
24.2,72.4,39.4,26.33,43.65,6.37,710.03,pigeonpeas
24.1,53.0,28.1,26.15,52.92,6.68,854.06,pigeonpeas
22.5,72.7,26.1,21.84,61.05,6.27,848.19,pigeonpeas
45.0,49.1,34.0,24.25,34.69,8.24,511.51,sorghum
60.0,20.0,27.9,28.7,54.44,6.7,417.57,sorghum
75.4,46.1,20.6,33.29,48.34,7.95,591.57,sorghum
45.0,36.8,36.4,26.37,44.51,7.31,350.0,sorghum
90.1,30.8,33.0,29.2,59.32,7.6,571.81,sorghum
59.3,44.4,18.8,31.76,38.11,8.03,619.36,sorghum
77.7,38.7,19.5,26.49,54.05,7.48,741.72,sorghum
74.8,30.3,25.2,29.86,27.17,8.24,653.01,sorghum
84.7,25.4,37.5,37.0,36.11,7.79,600.13,sorghum
51.5,41.9,35.0,27.4,58.49,6.57,420.63,sorghum
71.6,38.2,25.7,32.33,52.78,7.83,585.22,sorghum
77.2,34.4,42.3,26.66,66.95,7.42,434.94,sorghum
86.4,39.0,35.1,33.78,51.04,7.1,717.09,sorghum
70.0,43.5,17.1,31.06,42.25,8.23,674.77,sorghum
72.9,41.9,24.0,35.18,65.92,7.6,790.85,sorghum
63.2,31.6,30.2,31.02,44.45,7.67,636.77,sorghum
58.0,42.2,35.2,30.1,58.37,6.79,656.15,sorghum
56.0,29.1,26.2,26.2,43.07,7.29,700.46,sorghum
66.1,25.3,36.8,26.57,47.47,7.62,623.95,sorghum
83.1,41.8,24.8,37.0,49.75,7.33,715.67,sorghum
73.0,41.2,45.0,28.54,45.14,7.46,728.58,sorghum
51.9,22.3,26.5,23.78,44.18,7.65,493.11,sorghum
52.9,38.6,35.2,23.57,55.38,7.81,714.49,sorghum
84.6,55.0,27.9,29.88,44.25,7.4,783.94,sorghum
53.9,31.1,38.3,33.07,44.73,7.83,640.95,sorghum
88.0,38.6,36.2,37.0,53.38,7.42,686.69,sorghum
65.6,55.0,31.1,28.54,40.48,7.95,704.06,sorghum
64.0,42.6,20.9,30.15,52.07,8.25,507.5,sorghum
54.7,30.8,22.0,34.18,61.94,7.56,746.56,sorghum
71.6,37.2,28.0,28.41,34.07,7.53,595.16,sorghum
78.9,38.7,29.0,26.45,48.65,7.77,462.8,sorghum
71.0,39.9,25.7,27.44,50.08,6.83,641.99,sorghum
59.3,46.5,44.0,26.49,52.81,7.04,724.91,sorghum
54.8,41.8,24.8,28.78,38.72,7.81,499.56,sorghum
76.6,35.2,29.3,30.02,41.14,7.51,783.64,sorghum
60.7,47.4,39.0,26.64,34.9,7.55,534.31,sorghum
92.4,38.3,25.2,25.48,57.81,7.11,605.26,sorghum
81.5,34.1,29.7,29.44,54.15,7.7,573.59,sorghum
70.8,35.0,21.1,30.4,65.03,6.96,507.24,sorghum
59.6,43.8,32.7,28.95,39.74,7.45,412.25,sorghum
71.7,45.0,22.5,24.14,62.21,7.09,736.31,sorghum
68.2,36.7,32.6,26.41,49.19,7.21,441.54,sorghum
74.0,35.9,29.1,25.26,62.32,7.84,715.7,sorghum
66.3,24.2,41.7,29.29,41.26,7.61,740.05,sorghum
69.7,48.2,36.5,25.73,41.94,7.88,350.0,sorghum
68.2,26.6,27.1,28.45,44.78,7.12,468.34,sorghum
95.0,52.9,23.0,35.04,44.4,7.46,592.41,sorghum
62.1,45.9,30.8,27.83,36.26,6.95,403.03,sorghum
70.1,28.4,28.4,34.3,58.79,7.38,589.55,sorghum
92.6,42.2,28.0,24.51,51.54,7.81,524.2,sorghum
73.5,35.1,28.9,22.0,46.0,7.88,524.23,sorghum
70.6,32.0,32.2,28.74,39.55,8.07,711.47,sorghum
62.7,42.0,33.2,31.75,32.75,7.9,531.64,sorghum
65.7,55.0,31.8,28.15,28.15,8.09,438.57,sorghum
58.0,35.3,38.5,32.21,46.58,7.55,527.95,sorghum
71.7,38.6,35.8,32.89,52.45,7.22,689.02,sorghum
68.9,29.3,27.6,29.8,56.19,7.31,454.9,sorghum
70.7,38.9,31.1,32.72,57.17,7.1,526.06,sorghum
57.5,43.6,38.7,28.4,45.83,8.13,660.67,sorghum
75.2,28.5,34.1,26.25,37.79,7.23,529.7,sorghum
67.3,26.5,35.8,33.45,30.47,7.89,502.74,sorghum
80.3,37.5,30.2,28.85,58.91,6.78,672.94,sorghum
83.2,43.7,43.9,27.65,56.62,7.35,748.01,sorghum
69.9,34.9,37.8,27.78,35.29,7.14,674.28,sorghum
86.7,38.9,37.9,24.75,44.01,7.26,586.25,sorghum
71.0,43.5,27.3,29.99,47.59,6.94,586.36,sorghum
68.3,36.7,30.2,29.76,44.11,8.04,459.66,sorghum
61.3,55.0,23.8,24.76,54.61,6.36,571.77,sorghum
95.0,25.6,18.1,24.25,56.09,7.96,538.49,sorghum
78.2,49.1,40.7,28.64,27.29,6.99,548.78,sorghum
66.9,36.5,36.7,33.96,46.45,7.95,642.92,sorghum
70.8,45.3,30.4,36.7,35.05,7.14,584.82,sorghum
75.3,48.1,29.9,24.52,55.58,7.78,366.98,sorghum
70.0,25.3,26.0,26.34,55.28,7.46,445.73,sorghum
80.6,26.5,32.0,26.65,44.71,7.65,662.57,sorghum
86.0,37.3,31.8,27.97,49.64,7.62,588.2,sorghum
48.4,40.7,32.2,27.12,36.44,8.14,658.97,sorghum
67.3,28.9,25.1,34.06,49.24,7.12,661.16,sorghum
60.2,50.0,38.1,27.87,42.34,6.09,422.21,sorghum
53.9,39.1,28.0,24.79,45.47,7.65,663.34,sorghum
47.2,37.0,21.7,32.66,55.06,6.95,508.07,sorghum
64.5,20.0,32.0,28.55,56.73,6.85,525.71,sorghum
51.9,30.0,22.9,32.99,41.72,7.46,554.31,sorghum
54.8,36.7,33.6,25.27,55.28,6.98,542.04,sorghum
76.4,32.7,30.2,28.4,49.16,6.21,380.44,sorghum
77.4,46.3,24.5,28.65,50.65,7.75,356.68,sorghum
59.4,35.3,34.2,37.0,45.95,6.7,648.27,sorghum
85.9,38.9,24.6,32.85,53.97,6.89,645.77,sorghum
82.0,47.5,29.6,28.25,59.05,6.79,652.63,sorghum
53.6,46.5,28.5,33.94,52.42,6.79,770.96,sorghum
88.6,45.1,25.4,28.43,49.31,7.05,803.08,sorghum
71.7,20.0,32.0,28.28,47.33,7.22,696.85,sorghum
83.4,40.3,28.0,29.36,48.18,7.0,669.47,sorghum
75.5,50.3,37.5,27.1,55.38,6.92,683.51,sorghum
63.8,29.8,31.7,22.0,32.24,7.31,609.89,sorghum
65.6,25.4,25.1,30.87,53.24,7.39,738.82,sorghum
74.8,32.0,28.3,24.59,47.03,7.96,682.23,sorghum
86.8,35.6,38.1,28.82,61.24,7.39,684.87,sorghum
87.7,36.5,31.3,34.01,46.8,6.74,857.16,sorghum
64.4,39.3,36.9,27.37,38.93,7.53,384.83,sorghum
66.5,40.0,28.4,24.1,62.35,7.45,771.74,sorghum
66.9,31.0,31.6,28.74,37.4,8.13,525.33,sorghum
47.9,48.6,27.0,27.37,32.11,8.27,445.26,sorghum
70.7,45.3,32.5,29.29,32.69,7.0,622.54,sorghum
60.6,39.6,34.1,32.87,36.96,8.5,692.1,sorghum
70.0,46.7,44.2,24.46,45.97,6.21,623.12,sorghum
74.4,37.7,26.1,22.33,51.36,8.13,529.08,sorghum
75.3,25.5,32.7,28.12,41.14,7.02,552.77,sorghum
74.6,27.5,27.6,29.35,38.11,8.3,497.58,sorghum
62.0,30.2,40.8,31.44,39.57,7.95,624.08,sorghum
73.1,35.2,25.5,30.68,43.09,8.31,447.69,sorghum
88.4,37.1,31.8,32.42,42.33,7.83,350.0,sorghum
61.4,30.6,22.5,28.75,51.47,7.75,628.91,sorghum
62.0,41.0,30.7,32.78,54.99,7.42,492.33,sorghum
62.2,33.6,28.1,30.44,54.44,7.37,601.93,sorghum
71.7,33.9,24.4,23.36,41.74,7.64,515.65,sorghum
67.1,41.7,33.1,25.72,56.97,7.96,464.42,sorghum
60.1,47.5,29.1,22.0,35.4,7.28,460.43,sorghum
65.0,38.3,38.8,28.48,57.65,8.11,772.12,sorghum
73.4,22.3,32.8,33.17,47.27,8.27,703.18,sorghum
66.8,36.5,26.7,24.0,37.51,8.2,369.24,pearl_millet
57.3,23.7,33.9,36.89,34.05,7.67,381.95,pearl_millet
67.4,33.1,29.1,32.16,60.0,7.09,278.94,pearl_millet
55.3,20.6,17.5,27.5,33.7,7.12,501.82,pearl_millet
53.9,28.9,29.5,28.32,39.62,7.78,255.84,pearl_millet
35.0,32.1,27.5,38.22,43.42,8.01,430.45,pearl_millet
63.6,40.0,14.4,32.45,60.0,7.74,615.06,pearl_millet
52.4,29.8,25.2,24.0,31.49,7.05,532.21,pearl_millet
70.5,31.9,29.1,30.43,52.82,7.6,455.79,pearl_millet
56.8,34.1,22.9,34.42,31.81,7.05,518.74,pearl_millet
58.9,27.3,29.5,28.87,40.2,8.3,603.91,pearl_millet
78.9,28.3,31.2,27.68,33.84,6.5,617.29,pearl_millet
49.6,29.2,20.4,33.43,38.62,6.95,494.17,pearl_millet
42.8,25.0,14.5,26.02,43.61,6.62,301.89,pearl_millet
60.0,26.7,35.0,37.42,34.19,7.88,524.93,pearl_millet
52.8,21.0,24.9,30.4,38.08,7.82,374.93,pearl_millet
46.2,30.7,26.9,26.88,50.35,6.71,392.19,pearl_millet
56.9,26.2,22.2,37.55,34.34,8.7,493.71,pearl_millet
61.1,32.9,37.6,27.52,31.92,7.22,453.21,pearl_millet
39.3,30.1,33.5,31.53,39.37,7.29,539.85,pearl_millet
50.1,41.1,34.7,31.9,41.9,8.12,559.48,pearl_millet
50.3,26.8,18.4,32.43,48.0,6.93,404.48,pearl_millet
43.8,24.6,27.8,28.43,39.29,6.79,468.7,pearl_millet
59.5,25.6,24.1,31.63,34.67,6.86,630.56,pearl_millet
52.4,29.4,30.1,39.0,30.8,7.82,379.24,pearl_millet
53.5,25.7,19.4,30.86,28.73,8.07,455.5,pearl_millet
65.1,27.2,23.2,32.01,31.52,7.42,364.04,pearl_millet
49.3,17.3,31.7,28.6,52.47,8.13,321.4,pearl_millet
46.9,45.0,33.8,30.89,44.32,7.28,493.24,pearl_millet
51.4,17.8,18.4,31.07,31.82,7.57,342.53,pearl_millet
50.6,35.1,26.2,30.97,49.91,7.84,594.66,pearl_millet
54.5,27.4,18.5,29.5,50.68,8.25,546.03,pearl_millet
38.5,36.5,15.8,34.14,38.69,7.95,316.76,pearl_millet
74.1,21.2,21.7,27.51,26.21,7.65,630.61,pearl_millet
85.0,30.6,30.6,31.81,46.49,7.43,469.51,pearl_millet
66.4,26.5,24.6,30.8,49.44,7.07,444.85,pearl_millet
82.9,37.0,31.7,31.09,44.89,8.1,606.03,pearl_millet
36.6,22.1,31.5,30.03,35.95,6.97,394.5,pearl_millet
43.2,42.5,24.9,30.8,47.29,8.08,544.59,pearl_millet
72.9,26.2,23.5,33.69,37.25,7.6,489.88,pearl_millet
69.4,19.3,28.6,30.18,48.37,7.99,610.79,pearl_millet
76.2,38.1,32.2,32.02,42.29,8.04,523.21,pearl_millet
56.3,32.4,24.8,28.01,53.61,7.63,654.87,pearl_millet
40.5,26.7,25.2,34.98,45.6,7.76,337.27,pearl_millet
46.1,31.9,18.2,29.14,46.51,7.11,610.54,pearl_millet
74.7,20.6,20.3,24.0,34.96,7.98,408.61,pearl_millet
65.5,20.9,29.0,29.06,42.11,7.55,322.85,pearl_millet
46.2,35.8,27.0,34.68,44.92,7.67,277.4,pearl_millet
56.8,29.8,34.8,33.4,55.82,7.9,378.87,pearl_millet
61.4,31.4,20.3,29.65,40.15,8.4,250.0,pearl_millet
74.5,24.4,18.1,35.13,48.59,8.23,530.07,pearl_millet
84.7,33.4,24.2,32.2,53.19,7.21,384.81,pearl_millet
56.3,17.4,25.7,24.4,42.48,8.03,402.31,pearl_millet
80.1,21.2,31.0,33.36,26.56,8.7,443.63,pearl_millet
49.5,21.6,23.9,30.55,42.92,7.45,513.32,pearl_millet
55.3,18.4,24.3,24.0,45.18,7.11,466.34,pearl_millet
75.8,24.3,30.3,29.48,57.78,7.42,365.95,pearl_millet
68.2,27.4,20.8,29.33,41.6,8.27,256.59,pearl_millet
60.3,33.7,26.0,35.58,41.33,7.51,509.23,pearl_millet
61.2,27.7,27.6,28.72,36.5,7.34,585.31,pearl_millet
35.0,32.4,25.2,25.12,44.79,7.84,508.96,pearl_millet
35.0,38.2,21.3,33.4,48.67,7.16,516.05,pearl_millet
55.4,17.6,30.8,28.29,34.31,7.4,477.22,pearl_millet
59.3,33.3,18.3,28.4,40.96,8.55,438.62,pearl_millet
73.0,30.2,22.6,30.14,40.48,7.9,587.46,pearl_millet
64.3,37.1,20.2,29.55,35.48,7.76,414.1,pearl_millet
68.8,24.4,25.2,33.4,23.41,8.66,421.68,pearl_millet
35.7,30.9,25.2,30.71,50.92,7.97,479.79,pearl_millet
65.4,29.4,33.9,25.82,43.26,7.63,531.33,pearl_millet
49.9,19.5,25.8,31.98,55.41,6.96,565.47,pearl_millet
85.0,27.7,18.5,29.58,42.13,7.88,390.86,pearl_millet
78.7,23.3,16.3,34.87,21.53,7.5,700.0,pearl_millet
59.9,23.3,24.7,30.82,43.45,7.93,346.09,pearl_millet
80.3,31.5,28.6,28.8,53.58,7.47,477.76,pearl_millet
48.8,24.0,28.4,29.45,34.32,7.28,519.9,pearl_millet
52.5,29.3,25.1,24.29,28.76,7.77,376.3,pearl_millet
72.7,35.8,28.6,37.37,41.25,7.92,391.56,pearl_millet
85.0,41.9,25.1,32.35,54.23,7.53,384.34,pearl_millet
70.5,30.5,25.9,28.08,26.54,7.72,540.5,pearl_millet
57.3,38.6,21.5,27.31,41.39,7.56,527.0,pearl_millet
50.7,38.2,34.8,30.86,53.25,7.07,557.52,pearl_millet
72.6,35.2,24.9,24.0,36.22,7.29,352.17,pearl_millet
61.5,27.5,20.9,27.29,35.56,8.16,383.9,pearl_millet
53.8,27.3,26.7,32.6,20.0,8.11,593.64,pearl_millet
47.4,24.2,22.7,28.35,44.02,6.63,338.21,pearl_millet
78.5,24.4,31.2,32.24,25.72,7.92,438.23,pearl_millet
54.5,31.5,27.4,33.48,52.6,7.8,312.44,pearl_millet
54.3,45.0,28.6,39.0,54.56,7.72,480.14,pearl_millet
59.6,19.6,25.1,35.24,36.6,7.81,535.16,pearl_millet
49.1,27.3,19.9,28.12,30.41,7.15,591.95,pearl_millet
49.0,30.8,22.5,35.13,53.8,8.03,480.61,pearl_millet
57.2,22.8,34.7,28.34,47.97,8.13,394.47,pearl_millet
72.5,34.6,33.6,29.36,30.43,7.35,470.89,pearl_millet
60.7,27.6,15.5,32.65,59.75,7.83,510.91,pearl_millet
66.9,32.4,29.7,32.38,39.19,7.2,425.1,pearl_millet
63.8,28.1,26.6,32.54,49.5,8.24,457.8,pearl_millet
44.3,27.9,25.2,24.57,54.5,7.67,488.14,pearl_millet
76.4,26.2,27.9,30.62,40.34,7.21,616.56,pearl_millet
55.5,34.2,15.6,35.13,51.47,7.65,427.31,pearl_millet
64.8,43.7,16.2,33.74,33.8,7.59,425.21,pearl_millet
54.9,29.9,19.3,34.6,25.85,7.87,417.35,pearl_millet
45.9,31.2,17.2,31.14,29.19,7.83,357.56,pearl_millet
54.6,31.8,21.1,30.8,28.38,7.92,626.49,pearl_millet
85.0,30.5,28.9,24.77,55.52,7.99,401.61,pearl_millet
74.8,28.5,22.7,32.66,32.43,8.11,344.4,pearl_millet
47.4,24.5,28.8,28.84,29.87,7.3,446.8,pearl_millet
45.8,23.1,35.6,27.99,39.09,7.42,407.86,pearl_millet
67.5,35.7,23.5,26.67,53.47,7.55,623.03,pearl_millet
35.0,31.2,34.6,29.76,39.97,7.75,394.12,pearl_millet
56.3,28.0,21.9,35.3,46.15,7.73,530.86,pearl_millet
56.8,25.4,22.0,31.01,32.47,7.35,398.39,pearl_millet
85.0,15.0,24.1,37.04,43.1,7.98,459.98,pearl_millet
52.0,16.5,26.0,28.29,34.8,7.35,624.49,pearl_millet
85.0,31.3,22.7,26.88,46.22,8.49,425.27,pearl_millet
35.0,34.0,29.9,25.45,43.59,7.83,442.69,pearl_millet
50.5,36.1,23.0,25.8,23.55,8.23,511.67,pearl_millet
61.1,27.4,22.4,27.23,38.12,6.54,376.39,pearl_millet
56.3,33.7,24.8,33.78,54.14,8.13,497.05,pearl_millet
60.1,24.1,28.7,36.88,45.08,8.56,297.44,pearl_millet
46.2,35.1,26.3,35.6,41.86,7.17,428.64,pearl_millet
17.3,43.7,55.8,29.12,62.9,5.71,649.82,groundnut
19.4,66.8,43.3,23.24,60.24,6.14,907.72,groundnut
22.9,41.0,30.8,26.41,55.5,5.83,866.49,groundnut
32.7,54.7,58.9,28.49,53.42,5.98,814.52,groundnut
30.8,56.7,41.2,28.32,53.96,6.36,902.57,groundnut
23.4,39.3,39.6,29.48,62.04,6.35,628.73,groundnut
31.4,46.5,50.4,24.31,52.82,6.15,647.44,groundnut
27.7,57.4,25.0,24.08,56.87,7.0,548.8,groundnut
29.1,70.0,37.5,27.68,53.58,6.2,587.56,groundnut
22.9,75.0,54.8,29.81,63.94,5.76,755.29,groundnut
35.5,46.5,55.7,28.61,74.82,6.23,546.33,groundnut
25.5,69.4,33.4,20.29,60.72,6.22,701.08,groundnut
34.6,49.5,33.0,32.63,52.02,5.98,854.52,groundnut
25.3,54.4,51.9,29.75,57.33,7.01,450.0,groundnut
33.3,46.6,59.0,26.93,54.62,6.67,825.05,groundnut
32.5,44.7,44.1,26.49,59.67,6.7,450.0,groundnut
30.3,52.1,41.3,24.27,58.28,5.5,601.82,groundnut
21.9,60.3,41.6,25.85,72.34,6.8,826.32,groundnut
24.5,60.4,46.1,25.91,63.28,6.16,909.02,groundnut
26.9,61.2,59.6,29.59,48.73,6.58,819.1,groundnut
34.2,43.9,42.7,29.48,53.91,6.28,920.62,groundnut
27.7,47.7,41.0,27.5,49.33,6.3,746.65,groundnut
37.1,61.7,42.3,30.04,57.6,5.91,675.91,groundnut
38.1,56.7,48.1,31.41,48.55,5.89,473.78,groundnut
30.6,56.7,60.3,27.23,56.77,6.4,716.48,groundnut
16.3,75.0,52.2,27.13,64.92,6.68,680.32,groundnut
23.6,61.0,51.1,24.07,71.35,6.52,802.17,groundnut
37.7,55.2,50.5,28.93,54.2,6.42,717.58,groundnut
21.3,75.0,36.7,22.61,70.51,6.69,556.36,groundnut
32.3,69.7,47.8,33.0,46.21,6.68,863.31,groundnut
34.2,53.0,45.7,27.83,66.53,6.64,845.61,groundnut
20.9,52.7,40.5,25.34,68.12,6.44,1050.0,groundnut
29.4,55.6,48.8,24.59,59.54,6.85,715.96,groundnut
22.4,45.7,44.4,26.72,69.55,5.86,655.22,groundnut
29.0,36.7,41.3,24.46,53.63,6.48,677.52,groundnut
24.1,59.3,61.8,31.42,44.62,6.63,675.08,groundnut
29.1,51.0,48.9,26.95,55.37,6.04,637.18,groundnut
29.6,61.0,54.8,25.02,62.27,6.79,863.18,groundnut
27.6,52.8,49.5,23.05,58.45,6.7,789.87,groundnut
26.1,57.2,41.4,28.61,59.38,6.29,649.36,groundnut
27.6,50.5,53.3,25.31,72.74,6.99,575.18,groundnut
28.5,48.5,45.4,32.51,57.54,6.54,775.78,groundnut
21.0,46.4,38.4,23.84,40.0,6.62,987.59,groundnut
29.0,40.8,42.9,25.12,51.86,6.74,813.44,groundnut
19.9,62.3,60.2,32.21,78.0,6.04,1050.0,groundnut
25.5,49.1,50.6,24.75,63.19,5.87,666.57,groundnut
37.0,54.4,49.1,27.93,69.37,5.74,781.83,groundnut
26.1,56.7,56.5,22.92,51.9,5.63,623.12,groundnut
37.3,53.8,37.3,25.04,48.1,5.95,754.43,groundnut
19.8,66.1,47.4,26.76,57.77,6.71,809.64,groundnut
30.3,60.6,46.3,28.13,57.3,6.4,661.55,groundnut
24.8,48.1,51.7,30.43,69.37,5.9,880.49,groundnut
25.8,61.0,40.8,26.93,62.51,5.81,785.16,groundnut
37.4,53.3,58.9,25.93,66.8,5.51,1038.63,groundnut
38.5,52.2,32.2,27.36,48.45,6.58,757.62,groundnut
21.4,66.2,54.4,29.43,60.07,5.83,836.9,groundnut
26.1,41.1,58.8,32.8,59.67,7.26,712.78,groundnut
25.3,48.7,61.1,24.16,65.88,6.18,635.56,groundnut
35.2,51.2,44.8,29.9,72.78,6.66,608.33,groundnut
24.4,55.8,50.6,23.54,65.78,6.43,459.8,groundnut
21.5,50.0,47.4,32.17,61.91,6.06,730.89,groundnut
25.5,58.2,52.6,30.13,59.81,7.06,827.12,groundnut
23.0,75.0,50.6,23.99,73.22,7.23,695.38,groundnut
24.5,53.3,53.7,30.33,64.56,6.44,909.72,groundnut
25.8,65.3,45.7,27.79,59.09,6.38,647.17,groundnut
37.4,47.7,42.1,32.86,67.82,5.5,620.86,groundnut
15.3,45.5,25.0,26.09,50.86,6.42,472.48,groundnut
28.6,50.9,60.0,30.73,66.28,6.27,977.95,groundnut
17.1,41.0,47.3,33.0,58.38,6.33,498.13,groundnut
34.6,64.5,54.3,24.61,54.35,5.88,711.74,groundnut
20.4,43.2,44.6,25.03,55.7,6.59,711.07,groundnut
26.0,56.8,40.1,26.82,61.2,5.8,839.4,groundnut
21.8,55.9,57.3,29.28,60.27,6.26,832.65,groundnut
32.7,48.8,41.6,20.28,61.23,6.37,859.07,groundnut
30.5,68.3,42.4,29.91,55.77,6.71,495.77,groundnut
29.6,35.2,45.9,27.82,55.83,5.98,818.46,groundnut
27.3,50.1,48.3,33.0,69.23,6.87,760.98,groundnut
29.2,35.0,42.6,25.06,45.0,5.94,450.0,groundnut
27.7,63.2,56.9,27.74,52.29,5.63,454.04,groundnut
19.1,46.1,46.7,23.46,62.71,6.31,701.48,groundnut
36.0,43.2,51.3,26.46,57.33,6.75,823.06,groundnut
21.4,53.2,50.2,25.68,64.68,6.51,956.56,groundnut
17.3,53.8,40.7,28.31,47.06,6.54,611.79,groundnut
22.9,40.5,44.3,29.75,59.8,6.65,933.05,groundnut
29.8,49.4,51.7,24.87,55.96,5.79,829.68,groundnut
25.3,56.8,39.7,27.81,53.9,6.34,822.9,groundnut
33.5,54.8,33.9,33.0,73.97,6.69,594.55,groundnut
27.2,49.6,58.1,27.29,53.73,6.21,856.97,groundnut
39.2,70.3,54.1,25.74,40.0,6.52,699.74,groundnut
29.0,55.5,37.4,28.17,65.06,6.67,832.52,groundnut
32.2,50.9,47.4,26.77,60.86,6.8,790.11,groundnut
42.5,75.0,48.6,20.0,69.89,6.18,587.79,groundnut
25.2,50.5,52.9,21.82,51.38,6.54,787.21,groundnut
32.5,47.1,40.2,24.98,61.92,6.99,450.0,groundnut
26.5,41.7,34.8,29.4,64.36,6.58,828.94,groundnut
24.6,50.7,65.0,25.76,65.88,6.4,450.0,groundnut
15.0,49.2,56.4,28.86,67.31,6.01,926.22,groundnut
21.2,57.1,47.9,25.98,70.71,6.12,511.06,groundnut
28.1,51.0,65.0,28.53,56.73,5.98,450.0,groundnut
20.8,56.1,59.4,29.87,61.83,6.27,737.63,groundnut
24.4,72.2,46.5,26.24,42.27,6.32,817.11,groundnut
20.5,47.5,54.3,22.07,68.46,6.19,645.6,groundnut
20.1,58.8,65.0,28.84,53.09,6.85,655.66,groundnut
37.6,63.1,25.0,23.49,67.56,6.46,556.67,groundnut
23.6,35.9,47.3,33.0,66.44,7.28,823.54,groundnut
35.2,74.7,51.0,25.94,68.26,6.98,632.8,groundnut
22.9,56.4,54.7,28.89,48.61,7.16,610.24,groundnut
26.1,46.0,65.0,27.23,53.19,6.75,807.68,groundnut
26.7,63.4,41.4,25.02,43.92,5.87,953.07,groundnut
39.5,55.7,61.3,26.02,58.05,6.42,682.51,groundnut
26.5,66.4,49.2,28.64,68.25,6.56,564.16,groundnut
18.5,56.5,46.6,26.76,59.87,7.43,513.77,groundnut
15.0,58.3,45.0,27.45,64.67,6.91,488.99,groundnut
24.1,59.3,54.2,33.0,67.65,6.38,575.34,groundnut
24.0,49.1,53.2,27.27,49.41,6.23,822.86,groundnut
30.5,60.7,51.1,31.38,61.89,6.25,571.79,groundnut
29.7,35.0,46.5,25.88,49.08,6.03,813.35,groundnut
29.6,56.0,50.5,26.78,69.94,6.45,495.85,groundnut
39.4,58.7,43.3,22.74,63.17,6.35,920.38,groundnut
25.6,46.6,55.2,29.28,61.35,6.67,694.72,groundnut
83.3,54.3,38.8,17.49,62.82,5.95,685.21,mustard
56.1,40.0,34.8,17.56,60.05,6.48,506.08,mustard
71.9,47.4,34.6,18.28,47.6,6.7,508.73,mustard
93.2,40.2,29.8,19.84,51.74,7.23,389.42,mustard
55.1,40.7,30.4,17.76,46.91,7.2,451.18,mustard
82.1,46.3,36.2,17.93,56.08,6.58,619.94,mustard
76.7,34.5,36.1,15.45,57.32,7.78,401.34,mustard
84.7,31.0,37.7,15.34,47.0,6.46,553.22,mustard
94.1,45.2,29.8,22.77,46.0,6.04,525.84,mustard
64.5,52.9,32.7,19.81,63.21,6.42,423.41,mustard
78.9,57.3,31.0,16.22,55.83,6.67,495.25,mustard
58.3,62.7,26.9,17.03,51.74,7.67,347.52,mustard
107.8,51.1,37.5,15.05,56.57,6.61,606.67,mustard
66.4,44.1,31.7,15.04,57.93,7.11,600.9,mustard
55.1,53.5,50.0,16.65,67.16,6.79,342.76,mustard
75.7,53.4,30.0,16.2,56.75,6.9,538.46,mustard
83.3,48.8,32.4,18.7,44.58,7.42,416.57,mustard
95.8,43.1,36.2,16.52,43.87,6.2,374.47,mustard
75.5,46.7,41.1,16.66,44.94,6.32,528.01,mustard
99.4,55.1,39.3,19.92,65.58,7.03,544.61,mustard
75.5,34.1,30.9,17.97,52.49,7.67,488.13,mustard
96.5,41.5,33.1,14.01,46.06,7.11,480.76,mustard
93.2,46.5,32.9,24.44,51.25,7.37,439.88,mustard
89.9,52.4,36.3,10.94,52.15,7.39,532.75,mustard
86.2,31.2,30.7,19.23,55.28,7.39,465.51,mustard
85.7,45.1,29.1,11.23,55.45,6.97,418.18,mustard
57.3,50.0,33.4,19.67,66.91,6.04,410.04,mustard
77.1,56.6,25.2,23.81,53.09,6.86,460.19,mustard
73.9,53.4,28.6,19.04,48.93,6.6,720.0,mustard
85.9,49.9,41.8,13.74,66.02,5.9,403.12,mustard
73.6,49.7,36.3,17.5,51.9,6.51,330.28,mustard
90.2,50.5,44.5,15.63,57.54,6.79,599.05,mustard
94.3,46.7,33.0,20.88,57.18,6.63,347.22,mustard
76.0,57.1,41.9,14.66,42.66,7.41,366.44,mustard
87.1,40.1,44.7,15.69,61.15,6.97,505.22,mustard
52.4,27.4,33.7,18.74,43.0,6.46,536.15,mustard
87.9,43.9,39.7,14.48,49.15,7.56,486.83,mustard
81.8,63.4,26.6,20.39,65.31,6.77,565.96,mustard
66.3,39.5,37.3,20.4,60.97,7.53,473.26,mustard
96.7,42.3,40.4,18.62,55.57,7.07,319.53,mustard
64.3,45.8,24.9,20.49,58.97,7.03,367.89,mustard
99.3,61.3,35.9,19.53,53.61,7.11,468.04,mustard
79.5,52.2,49.1,13.8,51.17,6.43,639.2,mustard
71.8,33.5,38.8,23.23,57.31,6.98,520.91,mustard
99.8,38.0,34.3,16.64,42.66,6.77,590.77,mustard
87.9,50.2,35.9,19.57,45.6,6.78,499.2,mustard
83.9,47.6,34.2,16.87,70.0,7.26,521.31,mustard
76.7,41.4,34.2,18.88,36.96,6.27,416.31,mustard
82.9,43.1,43.9,13.55,45.99,7.51,493.11,mustard
92.4,61.4,30.8,17.7,49.82,6.12,448.96,mustard
92.3,49.3,38.7,16.87,46.75,7.41,430.27,mustard
84.1,46.3,43.8,20.91,41.64,6.42,537.89,mustard
79.1,41.4,41.1,18.56,52.42,7.21,442.49,mustard
102.0,38.7,38.9,22.3,40.98,6.76,594.22,mustard
96.2,43.6,30.6,20.87,61.47,6.43,359.61,mustard
83.2,50.0,33.2,20.04,46.32,6.05,437.61,mustard
80.9,42.8,28.0,12.55,47.89,7.26,605.62,mustard
96.6,38.5,28.1,19.49,57.08,7.06,300.0,mustard
67.9,44.8,37.9,20.3,53.15,7.03,488.49,mustard
89.6,47.5,35.4,17.19,52.65,7.09,506.75,mustard
85.3,55.7,36.6,16.05,59.07,6.35,371.86,mustard
84.7,49.1,27.5,16.85,47.15,6.71,574.36,mustard
89.9,44.8,31.7,13.95,63.36,7.14,409.33,mustard
90.1,44.4,33.3,19.31,46.07,6.76,492.15,mustard
73.0,50.4,46.2,15.74,38.68,6.1,464.95,mustard
70.7,46.7,35.8,13.19,37.48,7.02,493.54,mustard
74.0,31.7,37.8,21.82,54.22,6.56,484.46,mustard
60.9,53.5,35.5,12.7,49.59,7.09,446.7,mustard
76.1,35.2,38.4,16.05,35.0,6.75,578.11,mustard
74.6,58.9,37.6,19.02,50.97,6.87,453.66,mustard
75.8,49.2,29.4,14.77,43.01,7.72,533.03,mustard
84.3,36.5,38.7,17.65,53.71,6.51,496.03,mustard
74.1,38.9,39.4,13.39,56.52,7.17,392.04,mustard
68.5,43.2,36.7,17.54,55.47,7.61,429.23,mustard
56.0,51.6,45.1,19.18,43.3,6.85,368.15,mustard
89.0,34.2,33.2,14.99,53.01,6.75,497.68,mustard
80.3,37.1,38.8,17.85,44.09,7.8,527.64,mustard
77.9,56.3,46.1,17.56,54.78,6.5,465.28,mustard
77.2,46.5,37.0,19.68,53.9,6.42,386.15,mustard
72.4,42.7,41.3,14.51,49.14,7.28,450.01,mustard
86.4,43.9,36.5,17.31,57.34,6.28,443.67,mustard
84.2,49.3,44.0,16.83,63.84,6.64,612.86,mustard
91.4,37.7,36.8,17.85,57.0,6.81,449.28,mustard
99.2,44.2,40.0,17.32,65.33,6.63,418.59,mustard
101.3,41.4,44.6,20.68,50.76,6.17,478.07,mustard
81.4,54.3,44.5,15.95,58.41,7.21,587.34,mustard
87.0,29.5,34.1,14.53,50.38,7.29,510.52,mustard
96.1,47.7,27.2,10.44,53.19,6.81,382.31,mustard
56.2,39.1,33.8,20.0,53.51,7.54,376.44,mustard
92.3,45.4,39.2,16.69,60.57,7.02,412.06,mustard
79.8,43.1,37.9,14.46,51.77,7.06,483.3,mustard
98.9,51.2,35.0,18.65,54.37,7.06,300.0,mustard
75.8,33.1,42.7,17.82,50.45,7.26,522.23,mustard
64.2,44.4,33.0,12.77,46.48,6.83,468.5,mustard
59.2,54.2,34.4,18.11,55.21,6.58,525.64,mustard
74.9,37.8,38.4,22.48,57.8,7.27,427.94,mustard
57.6,56.9,47.3,22.63,49.31,6.44,373.43,mustard
56.4,44.1,44.6,17.58,54.42,7.45,439.59,mustard
108.5,60.9,34.2,16.27,57.58,6.76,364.34,mustard
97.9,54.7,35.9,14.21,42.16,6.94,430.01,mustard
75.2,53.2,39.4,22.13,44.08,6.76,555.9,mustard
86.3,57.3,37.5,23.54,56.32,7.32,447.65,mustard
80.2,52.3,44.7,20.19,51.33,7.45,300.0,mustard
60.1,50.5,35.1,19.82,52.52,7.13,398.56,mustard
88.0,53.0,42.3,24.04,53.95,7.01,327.68,mustard
72.6,43.5,41.3,16.17,58.37,6.9,462.28,mustard
83.5,41.9,32.4,12.89,50.02,6.71,428.4,mustard
85.8,50.3,36.4,20.99,56.6,6.78,433.71,mustard
84.4,49.6,43.4,21.57,47.67,6.86,547.1,mustard
95.0,52.5,34.6,14.24,44.01,7.01,514.22,mustard
64.6,45.4,38.8,14.55,60.84,6.75,605.76,mustard
72.5,36.8,32.3,17.71,48.89,6.81,513.4,mustard
77.6,44.5,24.7,19.18,51.29,7.54,386.04,mustard
54.7,49.9,37.1,14.97,39.76,7.51,621.41,mustard
50.0,41.3,45.0,16.57,48.08,6.79,367.91,mustard
56.1,53.4,23.9,18.74,59.09,6.32,387.57,mustard
97.0,49.3,31.3,21.61,61.65,7.01,389.98,mustard
74.2,47.3,33.9,20.82,39.76,6.3,498.09,mustard
73.1,40.0,24.4,18.06,51.58,7.16,486.89,mustard
78.1,54.4,27.1,19.61,38.63,6.56,358.73,mustard
77.4,54.3,41.9,21.68,51.6,6.79,699.85,sunflower
56.1,68.3,30.3,22.58,67.42,6.93,479.07,sunflower
70.6,50.2,36.1,21.71,72.0,7.0,400.0,sunflower
85.9,61.1,36.6,22.2,59.39,7.0,400.0,sunflower
89.4,50.7,52.5,28.84,45.99,7.51,565.31,sunflower
45.6,50.8,44.8,23.61,51.54,7.56,663.84,sunflower
57.9,62.0,43.4,18.0,57.43,7.26,652.62,sunflower
78.7,48.3,44.4,20.3,57.26,7.88,520.67,sunflower
58.9,47.9,42.9,21.81,57.37,7.44,719.47,sunflower
46.8,65.0,48.6,27.49,56.98,7.19,784.21,sunflower
91.1,45.5,49.5,24.74,52.96,6.49,612.98,sunflower
56.0,50.4,34.3,23.65,50.75,7.14,440.08,sunflower
50.7,58.6,36.4,28.22,55.8,7.34,833.39,sunflower
64.3,49.3,48.1,26.53,52.5,7.66,622.41,sunflower
68.4,55.2,35.5,25.23,65.17,7.28,654.04,sunflower
66.1,58.3,47.2,26.83,51.35,7.23,712.39,sunflower
55.9,56.7,26.9,26.45,59.28,7.4,598.64,sunflower
71.7,69.2,51.9,24.91,55.11,7.54,454.9,sunflower
64.1,68.4,48.8,26.11,41.95,7.08,573.31,sunflower
72.0,46.9,34.8,18.81,63.77,6.94,670.43,sunflower
68.0,44.3,33.2,21.98,48.21,7.25,546.56,sunflower
89.0,65.3,47.7,24.64,66.11,7.01,645.94,sunflower
70.0,62.0,46.5,23.57,49.74,7.36,742.98,sunflower
63.3,39.1,40.5,26.87,68.44,6.62,594.55,sunflower
63.3,68.6,41.8,22.28,58.47,6.94,490.83,sunflower
57.3,72.3,44.7,25.32,52.0,7.22,686.43,sunflower
71.5,56.1,48.1,25.07,46.18,6.86,400.0,sunflower
92.3,63.6,36.2,24.15,48.9,7.72,465.42,sunflower
69.4,53.9,47.8,24.69,39.93,7.0,523.62,sunflower
69.0,69.3,29.8,22.6,49.58,6.95,746.22,sunflower
65.9,59.2,37.6,25.69,60.22,6.81,751.58,sunflower
68.6,65.5,40.6,26.14,53.68,7.06,683.66,sunflower
74.4,42.5,52.0,19.42,48.52,7.06,703.61,sunflower
86.9,36.4,38.4,18.62,54.25,7.21,856.8,sunflower
69.4,65.4,46.1,23.69,42.73,7.21,456.03,sunflower
83.5,53.4,50.4,23.56,56.15,7.18,644.14,sunflower
62.8,58.9,35.5,21.37,63.94,7.39,658.57,sunflower
88.0,52.3,51.3,25.53,45.8,7.84,778.79,sunflower
66.5,62.3,39.2,27.49,35.0,6.69,777.3,sunflower
65.0,57.1,32.6,30.54,63.52,7.02,597.39,sunflower
80.4,74.8,48.7,31.52,46.62,6.77,495.44,sunflower
73.3,56.8,40.9,27.43,63.86,6.49,572.39,sunflower
77.8,50.3,36.4,28.06,43.68,6.98,692.72,sunflower
61.1,62.8,38.0,29.23,52.99,7.37,746.98,sunflower
60.5,34.5,44.5,25.22,58.45,7.01,594.04,sunflower
92.1,40.3,47.1,23.28,51.31,6.97,545.55,sunflower
74.9,68.9,45.3,25.31,46.11,7.31,930.33,sunflower
63.4,51.2,38.1,23.53,35.0,7.26,540.08,sunflower
48.7,62.5,34.4,23.98,65.73,6.54,450.76,sunflower
71.2,66.5,31.0,26.22,58.65,6.28,753.81,sunflower
78.5,51.9,50.8,28.41,54.82,6.92,523.53,sunflower
67.5,60.7,39.7,18.41,64.15,7.18,600.65,sunflower
78.3,70.2,25.0,26.3,42.59,7.3,666.63,sunflower
75.6,50.0,28.9,23.65,57.25,7.51,497.66,sunflower
80.3,48.5,44.5,23.47,55.46,7.46,490.49,sunflower
59.8,56.8,58.8,22.41,70.32,7.9,637.35,sunflower
64.4,48.1,41.5,20.78,53.39,7.7,570.56,sunflower
65.1,38.0,44.6,25.79,54.51,7.01,611.94,sunflower
74.0,54.7,44.2,25.64,62.99,7.37,675.07,sunflower
86.2,59.2,51.1,26.82,39.26,7.62,667.57,sunflower
67.4,57.8,39.6,25.68,49.26,7.61,635.23,sunflower
63.4,45.8,43.9,25.56,57.11,6.69,441.85,sunflower
75.5,69.8,34.8,29.77,56.27,7.1,598.32,sunflower
51.4,64.9,36.6,22.66,61.94,6.35,451.93,sunflower
67.8,57.9,45.4,24.09,72.0,7.01,620.0,sunflower
58.4,56.2,46.3,28.61,42.09,7.0,708.07,sunflower
75.0,55.1,45.8,22.57,66.46,7.5,475.16,sunflower
55.1,44.5,46.7,21.15,51.35,7.28,641.4,sunflower
71.1,44.3,46.2,23.16,51.4,7.2,663.4,sunflower
68.3,47.5,39.9,25.01,43.0,6.91,700.4,sunflower
52.7,66.6,50.9,21.26,64.86,7.04,704.41,sunflower
62.0,64.2,44.8,22.56,44.68,6.52,674.43,sunflower
74.9,61.5,41.2,21.53,48.54,7.56,587.0,sunflower
69.7,44.2,44.4,23.63,62.37,7.41,585.56,sunflower
66.5,49.5,32.1,22.43,55.59,7.23,669.31,sunflower
64.4,64.3,42.4,27.11,39.81,6.2,686.89,sunflower
50.9,52.9,39.9,29.76,57.2,7.17,758.81,sunflower
72.4,50.4,49.5,21.67,56.59,6.48,676.51,sunflower
70.3,71.8,31.0,23.2,60.58,7.23,673.44,sunflower
56.5,49.1,50.7,24.85,57.0,7.05,496.2,sunflower
79.2,60.0,58.1,21.95,60.58,6.58,670.46,sunflower
79.7,34.3,40.6,23.31,48.38,7.25,795.69,sunflower
66.4,57.1,42.8,25.01,45.29,7.54,688.38,sunflower
72.7,46.9,38.8,24.47,41.73,6.42,571.9,sunflower
74.3,48.5,34.9,22.56,50.36,6.96,931.52,sunflower
80.7,65.2,50.2,22.0,44.22,6.66,823.49,sunflower
61.4,42.5,39.0,24.28,56.15,7.2,542.34,sunflower
76.2,48.6,40.9,27.06,48.87,6.87,726.92,sunflower
57.7,51.2,45.9,31.16,58.84,7.29,719.0,sunflower
55.1,56.2,41.8,25.96,54.93,7.25,609.51,sunflower
68.7,42.7,39.8,29.17,56.55,7.09,896.5,sunflower
51.7,43.9,54.0,25.14,52.06,6.62,708.2,sunflower
74.5,44.1,41.0,23.99,56.05,6.65,812.75,sunflower
79.0,51.4,40.5,24.59,47.77,6.92,614.86,sunflower
87.4,64.5,48.5,26.11,45.06,7.08,776.16,sunflower
52.9,61.4,58.3,28.19,65.31,7.19,775.83,sunflower
59.4,63.0,46.6,25.87,64.53,6.88,625.68,sunflower
69.1,44.7,43.6,19.84,62.38,7.12,582.28,sunflower
58.0,52.7,46.8,26.64,48.36,6.76,735.4,sunflower
59.3,55.6,42.9,25.94,60.87,6.59,401.55,sunflower
61.2,73.0,56.2,30.49,52.46,6.39,400.0,sunflower
60.6,53.0,51.1,27.6,55.82,6.74,525.1,sunflower
71.0,62.0,44.7,21.9,59.21,7.27,510.81,sunflower
58.6,61.9,40.4,29.77,58.01,6.91,648.67,sunflower
68.8,47.7,35.6,27.1,60.76,7.34,846.99,sunflower
61.5,71.7,35.7,21.96,39.92,6.92,584.52,sunflower
74.3,57.4,33.6,23.82,51.03,6.39,522.48,sunflower
58.8,69.3,43.3,26.99,42.01,7.58,819.14,sunflower
44.0,47.9,45.5,26.93,48.57,6.98,572.34,sunflower
69.3,67.0,36.6,28.0,47.75,6.76,756.42,sunflower
79.1,63.5,32.8,23.6,60.58,7.12,510.42,sunflower
73.5,47.9,54.6,29.63,58.83,7.64,658.42,sunflower
77.2,69.8,43.7,24.23,40.36,7.07,757.05,sunflower
79.3,60.0,38.2,19.07,50.04,6.98,609.32,sunflower
75.4,74.9,42.9,24.35,51.93,7.15,542.32,sunflower
69.4,59.5,43.5,26.37,57.47,6.39,732.79,sunflower
59.9,44.0,34.3,26.3,52.22,6.43,712.14,sunflower
50.7,56.4,43.7,27.66,68.25,6.55,643.18,sunflower
64.7,59.3,43.5,23.94,50.47,6.65,778.42,sunflower
73.5,64.2,39.8,23.03,45.37,7.24,514.83,sunflower
173.3,44.3,94.1,33.48,76.19,6.89,1359.45,sugarcane
115.1,69.2,112.6,26.46,64.03,5.8,1355.77,sugarcane
138.0,79.2,100.1,29.07,69.2,6.51,2071.69,sugarcane
143.6,35.0,79.9,25.0,68.18,7.08,1617.77,sugarcane
138.6,75.8,79.6,34.52,67.3,6.84,1565.64,sugarcane
142.2,65.3,96.5,25.36,64.14,8.0,1504.8,sugarcane
152.6,40.7,85.8,27.55,75.31,5.8,1699.84,sugarcane
119.3,63.9,74.5,25.01,70.08,6.27,1507.34,sugarcane
118.5,38.0,105.3,23.46,70.75,7.18,1465.52,sugarcane
125.1,62.7,106.8,23.91,70.95,5.93,1532.04,sugarcane
140.6,49.7,83.1,23.07,72.54,7.33,1320.86,sugarcane
128.8,66.0,108.2,22.77,70.82,6.94,1619.38,sugarcane
95.4,66.0,112.8,28.41,64.78,6.54,2180.97,sugarcane
156.4,67.7,95.3,25.69,70.6,6.76,1814.87,sugarcane
167.2,73.4,68.7,28.78,77.16,7.11,1461.23,sugarcane
180.0,44.7,73.8,28.82,86.82,6.38,1570.25,sugarcane
159.4,59.8,85.0,29.98,73.91,7.32,2037.44,sugarcane
145.5,63.5,93.2,29.71,72.39,6.8,2008.99,sugarcane
167.3,41.9,90.2,25.59,69.82,7.0,1850.83,sugarcane
138.0,37.0,75.5,31.14,55.0,7.39,1806.37,sugarcane
163.7,57.6,59.1,29.51,80.92,7.26,1451.19,sugarcane
141.6,53.6,77.7,31.34,63.62,6.35,1318.79,sugarcane
113.2,61.8,107.4,27.35,61.46,7.22,2155.71,sugarcane
128.4,54.3,97.7,33.68,68.36,6.13,1839.43,sugarcane
154.4,60.1,81.6,31.48,75.7,6.42,1664.73,sugarcane
115.7,68.2,86.1,26.48,71.77,6.82,1918.48,sugarcane
150.6,58.1,101.5,29.4,69.01,6.74,1605.53,sugarcane
149.1,55.6,84.1,34.89,78.58,6.42,1821.28,sugarcane
142.1,64.7,92.1,32.16,74.42,6.77,1962.66,sugarcane
144.2,61.5,94.7,27.67,72.06,6.51,1424.65,sugarcane
122.0,43.3,76.8,27.39,72.72,6.66,1100.0,sugarcane
168.3,73.0,96.7,34.68,65.16,7.74,1360.44,sugarcane
144.3,44.7,90.2,29.35,70.92,7.16,1679.7,sugarcane
130.6,53.2,102.2,25.71,78.41,7.41,1149.39,sugarcane
160.4,84.7,93.8,30.1,79.26,6.66,1704.68,sugarcane
116.3,61.7,97.5,29.81,79.46,6.41,1490.22,sugarcane
174.1,58.2,93.0,27.77,66.25,7.61,1491.69,sugarcane
119.7,54.6,60.0,25.72,65.22,7.11,1447.98,sugarcane
156.0,76.8,101.7,27.25,72.99,6.04,1609.87,sugarcane
124.5,68.3,128.6,29.75,58.06,6.62,1686.75,sugarcane
141.6,51.2,93.7,23.65,65.39,7.12,1345.3,sugarcane
149.7,43.6,116.5,25.29,70.43,6.97,1480.4,sugarcane
142.6,66.9,104.4,30.77,70.8,6.73,2354.73,sugarcane
157.1,48.9,91.5,26.83,71.05,6.19,1526.42,sugarcane
172.6,66.9,52.6,32.26,79.63,6.62,1865.18,sugarcane
124.5,54.4,112.5,27.05,58.91,6.77,1626.42,sugarcane
161.6,60.2,83.7,31.66,72.85,6.42,1996.5,sugarcane
143.5,60.0,92.7,24.25,68.31,6.8,1591.6,sugarcane
162.9,62.6,102.8,28.03,79.39,7.0,1654.03,sugarcane
139.8,48.5,97.6,27.86,68.49,7.35,1274.94,sugarcane
132.4,72.3,94.7,27.83,73.76,6.89,1195.0,sugarcane
133.7,79.4,80.1,26.89,68.21,6.76,1475.06,sugarcane
148.8,62.4,101.6,24.32,69.62,6.69,1786.69,sugarcane
125.7,71.0,107.8,24.54,68.56,6.53,2439.72,sugarcane
132.3,80.1,71.0,24.54,67.19,6.38,1569.63,sugarcane
127.2,50.2,107.4,32.28,78.65,7.06,1677.82,sugarcane
131.1,48.6,95.4,23.89,65.04,7.38,2220.19,sugarcane
147.1,73.3,86.3,23.32,76.29,7.08,1671.5,sugarcane
135.6,71.5,75.2,25.29,64.94,6.84,1323.63,sugarcane
127.7,51.5,86.1,22.79,72.61,7.42,1690.65,sugarcane
167.7,76.0,101.7,28.26,72.16,7.18,1532.5,sugarcane
106.1,65.9,73.0,24.63,72.0,6.75,1226.38,sugarcane
143.0,71.6,73.1,32.45,61.08,7.86,1526.62,sugarcane
142.6,37.3,89.1,28.8,71.4,6.52,1366.03,sugarcane
160.3,60.4,113.1,26.16,68.96,7.21,1163.11,sugarcane
118.2,73.2,72.4,21.63,85.08,6.1,1705.24,sugarcane
141.2,35.0,86.0,29.57,74.48,7.25,1533.75,sugarcane
152.8,51.7,68.8,23.46,61.77,7.3,1195.63,sugarcane
144.9,56.8,88.5,32.77,68.93,7.11,1661.27,sugarcane
137.3,85.0,68.4,32.51,76.59,6.56,2138.8,sugarcane
106.7,53.7,71.9,29.44,64.21,7.02,1594.07,sugarcane
131.4,64.7,86.0,24.19,88.0,6.56,1100.0,sugarcane
124.8,44.8,102.4,29.13,74.79,6.61,1566.19,sugarcane
133.3,59.0,102.5,29.18,75.5,7.05,1915.33,sugarcane
145.2,64.3,107.8,25.67,66.01,6.21,1704.87,sugarcane
106.6,65.5,88.4,31.97,67.3,6.7,1986.66,sugarcane
164.9,51.8,92.7,29.03,74.62,6.67,2034.42,sugarcane
106.0,54.9,96.7,29.6,81.47,7.4,1564.34,sugarcane
163.4,51.4,104.0,34.34,80.5,6.85,1550.47,sugarcane
112.5,63.7,73.3,25.22,63.66,6.57,1641.61,sugarcane
144.9,52.8,106.0,27.27,66.49,6.91,2239.07,sugarcane
146.0,55.6,67.1,27.23,73.64,6.61,1150.38,sugarcane
124.7,77.5,111.5,24.9,76.71,6.21,2071.29,sugarcane
144.4,71.4,64.3,30.37,71.95,7.23,1924.46,sugarcane
141.2,52.8,101.7,27.79,65.89,6.34,1206.85,sugarcane
130.8,73.2,92.7,26.15,77.63,6.38,1678.61,sugarcane
136.8,69.3,66.3,25.02,60.53,6.67,2013.43,sugarcane
130.9,53.9,103.1,31.74,71.38,7.14,1326.91,sugarcane
164.8,85.0,97.8,20.7,68.09,7.11,1523.56,sugarcane
162.9,67.1,79.4,28.11,65.74,6.71,1483.62,sugarcane
161.1,85.0,68.5,21.27,70.28,6.04,1663.86,sugarcane
153.5,77.9,93.0,27.32,58.15,6.81,1671.39,sugarcane
151.5,51.5,83.5,22.83,55.96,6.25,1178.9,sugarcane
146.1,53.8,81.9,24.55,55.0,7.55,1349.92,sugarcane
132.6,42.5,104.6,28.5,66.22,6.6,2153.45,sugarcane
138.7,57.8,75.9,21.37,70.88,6.96,1979.88,sugarcane
99.5,46.5,81.3,27.99,70.98,6.74,1772.43,sugarcane
123.7,71.2,96.5,26.88,83.21,7.58,1929.87,sugarcane
95.0,78.9,101.9,35.02,80.66,7.59,1913.6,sugarcane
164.3,83.9,93.2,22.5,69.85,6.99,1672.47,sugarcane
117.6,40.4,78.9,30.83,83.06,7.26,1967.23,sugarcane
138.5,39.1,83.2,27.09,68.52,6.83,1782.43,sugarcane
155.4,56.7,61.4,26.31,72.31,7.41,1479.66,sugarcane
149.2,63.5,90.7,31.26,67.37,6.51,1646.43,sugarcane
128.5,66.1,79.3,28.79,71.3,6.91,1512.08,sugarcane
133.9,61.2,93.0,27.99,83.94,6.3,1630.74,sugarcane
111.7,64.5,73.3,27.03,69.4,6.94,1484.16,sugarcane
129.3,77.2,94.3,26.04,70.24,7.62,1579.45,sugarcane
127.6,51.8,81.8,25.92,63.04,6.24,1401.2,sugarcane
150.6,55.4,86.9,32.45,81.07,6.66,1460.74,sugarcane
124.4,68.3,86.9,26.65,66.3,6.42,1746.02,sugarcane
116.3,71.9,82.0,27.48,62.64,6.79,1551.5,sugarcane
139.1,77.7,92.7,25.22,67.02,7.1,2039.61,sugarcane
145.1,68.3,99.1,32.97,58.35,7.13,1945.12,sugarcane
115.9,49.4,77.2,25.45,68.63,6.92,1909.7,sugarcane
159.5,49.9,77.3,32.61,76.53,6.84,1792.0,sugarcane
139.5,66.3,85.0,28.94,61.43,6.46,1446.9,sugarcane
133.3,48.9,82.0,22.7,75.84,6.76,1138.44,sugarcane
125.0,64.0,81.9,25.56,71.48,6.97,1219.09,sugarcane
149.9,50.4,89.7,27.88,68.31,6.29,1564.29,sugarcane
30.1,39.1,32.5,27.72,62.28,6.27,487.45,mungbean
19.5,41.6,23.0,27.28,76.81,6.23,592.32,mungbean
23.2,41.4,27.4,27.31,45.0,6.96,445.97,mungbean
16.8,55.5,22.3,31.25,71.68,6.44,675.19,mungbean
18.2,67.9,20.5,31.58,68.75,6.83,499.53,mungbean
21.2,32.8,25.1,29.55,63.07,5.8,428.12,mungbean
18.3,52.3,25.4,27.99,67.08,6.29,653.23,mungbean
24.4,53.0,23.1,33.99,65.95,6.31,609.8,mungbean
25.8,45.3,29.4,29.65,45.0,6.82,531.28,mungbean
24.7,57.6,25.0,33.5,60.57,6.95,676.59,mungbean
21.5,56.2,21.0,27.23,51.5,6.8,619.03,mungbean
27.9,56.3,22.6,24.97,65.46,7.14,670.62,mungbean
27.4,48.3,21.7,26.29,61.55,6.67,604.8,mungbean
21.4,48.9,20.1,31.32,62.61,6.63,490.31,mungbean
15.3,60.5,26.8,23.63,68.11,7.07,594.93,mungbean
30.0,51.7,16.9,29.6,63.96,6.46,648.83,mungbean
13.7,57.9,19.6,25.55,61.09,6.87,599.67,mungbean
18.3,46.0,18.3,27.83,70.6,6.7,683.13,mungbean
29.3,45.3,23.1,35.0,73.55,6.03,626.46,mungbean
22.0,56.6,20.3,25.98,56.59,6.47,677.84,mungbean
16.1,45.0,15.1,31.52,72.17,6.57,544.25,mungbean
24.3,61.8,26.0,26.41,49.05,6.25,588.79,mungbean
18.7,51.6,21.2,25.33,52.58,7.32,686.68,mungbean
30.7,54.3,21.9,32.47,61.74,6.79,574.86,mungbean
12.0,62.8,26.5,29.49,61.51,6.77,508.33,mungbean
25.1,39.5,24.9,30.18,60.41,6.85,461.04,mungbean
17.2,51.9,27.4,22.88,66.18,6.48,556.86,mungbean
15.3,43.2,28.8,28.6,58.94,6.65,638.71,mungbean
24.2,49.4,29.5,31.41,65.31,6.72,658.88,mungbean
23.6,58.5,28.5,25.45,53.31,6.42,697.14,mungbean
14.1,53.2,25.8,31.99,63.44,6.16,464.88,mungbean
16.1,45.7,23.1,25.0,73.77,6.17,741.53,mungbean
27.9,57.2,20.5,29.53,51.78,7.06,571.12,mungbean
20.0,40.2,12.0,25.38,70.9,6.54,559.68,mungbean
25.3,64.4,30.6,25.58,46.46,7.6,850.0,mungbean
22.9,39.8,28.8,28.18,61.1,7.06,620.12,mungbean
16.1,47.4,27.3,30.03,64.1,7.07,536.59,mungbean
22.9,30.0,21.8,30.79,58.88,6.51,455.03,mungbean
27.0,54.4,28.1,23.32,60.72,6.59,546.33,mungbean
18.9,47.2,28.2,22.76,76.22,6.89,574.92,mungbean
26.5,38.4,20.7,28.14,72.92,6.68,634.01,mungbean
19.1,53.9,32.4,31.49,61.35,6.97,649.3,mungbean
24.5,58.9,29.5,28.12,67.14,6.55,469.23,mungbean
20.7,49.4,15.7,31.08,45.0,7.6,760.23,mungbean
20.7,50.1,25.5,26.73,63.54,6.64,568.69,mungbean
22.9,39.5,24.2,28.99,63.03,6.61,716.54,mungbean
20.2,51.8,30.5,28.26,63.72,6.66,728.48,mungbean
20.7,60.3,23.5,25.92,67.43,6.58,654.46,mungbean
12.0,50.0,21.7,25.31,57.57,6.47,574.24,mungbean
15.2,52.5,30.8,29.34,68.47,7.14,728.38,mungbean
31.4,46.0,20.4,30.85,67.67,7.01,806.71,mungbean
22.1,53.4,19.1,34.91,59.31,6.58,538.39,mungbean
18.8,44.2,21.4,24.4,55.72,7.48,668.28,mungbean
26.6,59.4,33.2,23.19,52.16,6.38,523.63,mungbean
20.5,46.4,25.1,28.61,56.22,5.83,460.86,mungbean
19.3,48.0,18.4,27.03,52.95,6.65,451.23,mungbean
17.8,39.5,23.2,25.9,69.25,6.86,571.62,mungbean
18.0,53.0,27.5,28.93,74.83,6.88,689.63,mungbean
22.7,55.4,20.0,27.12,64.79,6.84,640.91,mungbean
27.5,38.6,19.1,29.19,56.21,7.6,641.89,mungbean
21.6,45.9,21.6,28.59,62.9,6.52,547.22,mungbean
28.7,61.1,25.3,24.48,66.31,7.32,744.37,mungbean
25.7,61.4,24.3,30.38,56.55,6.82,739.54,mungbean
19.1,43.1,24.5,27.82,67.19,6.52,786.21,mungbean
15.6,60.0,20.2,23.11,63.9,6.6,446.85,mungbean
13.6,49.9,28.9,30.25,62.45,6.89,576.73,mungbean
14.9,38.6,23.0,28.02,68.81,7.0,652.62,mungbean
20.6,39.0,26.1,30.08,45.0,6.37,497.07,mungbean
22.6,43.6,23.8,27.87,60.73,6.41,503.32,mungbean
16.6,53.0,26.9,26.19,74.17,6.57,763.62,mungbean
18.8,33.8,26.0,29.25,62.28,6.44,575.85,mungbean
19.4,47.6,28.2,29.05,66.88,6.61,538.96,mungbean
16.2,47.0,12.0,26.73,61.35,6.93,547.76,mungbean
23.7,32.6,23.7,23.46,52.33,6.63,733.15,mungbean
23.9,50.1,23.9,26.36,57.65,6.87,413.76,mungbean
25.0,46.9,28.1,31.38,48.62,6.47,477.34,mungbean
12.9,41.7,36.2,30.33,77.34,7.03,490.98,mungbean
20.1,54.7,26.2,26.77,49.92,7.6,563.06,mungbean
20.4,50.9,22.8,28.87,72.3,6.65,440.47,mungbean
21.2,46.3,31.1,32.01,62.86,6.19,432.89,mungbean
22.1,52.7,22.1,27.06,57.26,6.69,350.0,mungbean
16.5,45.0,30.0,26.06,63.44,6.79,735.75,mungbean
28.3,49.5,21.6,26.51,60.07,6.53,646.44,mungbean
24.1,54.7,30.3,34.09,63.0,7.14,537.8,mungbean
27.9,58.5,29.0,28.78,56.65,6.14,575.2,mungbean
29.7,47.5,27.9,31.03,59.73,7.23,350.0,mungbean
15.9,42.7,19.9,29.51,64.32,6.86,651.53,mungbean
17.2,40.3,26.0,26.61,49.44,7.09,747.41,mungbean
29.8,51.5,27.1,32.61,56.87,7.14,613.05,mungbean
26.6,51.5,30.5,29.17,50.13,7.28,466.3,mungbean
28.3,49.3,29.9,31.9,65.44,6.9,630.72,mungbean
12.0,50.9,18.4,29.01,52.86,6.23,772.59,mungbean
27.3,50.0,24.9,27.76,66.56,6.43,699.25,mungbean
20.7,46.6,24.1,26.73,64.63,6.49,636.22,mungbean
28.1,44.2,23.3,29.88,58.51,6.89,646.65,mungbean
27.4,45.2,19.3,27.58,54.26,6.93,440.59,mungbean
33.7,60.4,24.1,31.1,48.91,7.6,509.17,mungbean
21.4,35.2,26.4,25.18,62.81,6.48,450.67,mungbean
18.0,51.8,17.6,26.25,67.31,7.6,637.31,mungbean
17.4,47.1,24.2,27.45,69.22,6.79,688.94,mungbean
20.4,60.6,23.2,25.59,79.42,5.97,491.35,mungbean
18.9,70.0,33.0,32.98,59.35,7.6,624.2,mungbean
26.9,51.4,23.8,27.74,60.32,6.94,624.06,mungbean
21.8,62.1,12.0,30.03,67.74,7.16,572.22,mungbean
23.0,57.9,31.5,27.6,64.14,7.37,350.0,mungbean
18.5,61.7,29.5,30.07,58.41,6.35,509.05,mungbean
29.7,45.0,24.5,26.24,68.74,6.48,568.29,mungbean
13.6,37.1,24.0,24.52,78.84,5.88,483.98,mungbean
22.1,47.1,18.5,25.63,54.07,6.59,814.23,mungbean
22.4,59.5,26.5,31.84,45.0,6.58,736.86,mungbean
19.1,64.1,31.4,27.09,57.97,6.29,504.45,mungbean
15.8,53.4,16.7,30.31,67.02,6.04,765.98,mungbean
24.6,56.0,20.2,30.37,71.01,6.66,820.23,mungbean
22.2,59.1,25.5,30.26,48.63,6.85,491.8,mungbean
17.8,64.0,22.9,25.49,59.13,6.18,752.07,mungbean
18.5,54.2,30.8,27.0,66.26,6.29,850.0,mungbean
26.7,48.5,20.1,28.16,59.28,7.48,432.94,mungbean
22.7,49.9,23.4,28.17,61.07,7.05,653.08,mungbean
24.1,30.0,25.5,23.53,67.17,7.29,468.85,mungbean
20.7,45.2,30.2,28.79,75.83,6.87,609.09,mungbean
25.4,58.5,17.3,28.26,63.44,7.09,595.6,blackgram
18.8,52.1,20.6,22.22,69.82,7.03,680.72,blackgram
32.8,46.7,18.8,27.79,61.22,6.46,609.62,blackgram
21.3,37.3,23.8,24.59,65.85,6.54,764.51,blackgram
34.6,57.4,18.2,32.52,76.61,6.81,791.98,blackgram
21.7,37.1,22.2,33.19,52.07,6.8,624.44,blackgram
21.9,48.5,26.4,26.31,52.62,6.89,759.54,blackgram
30.2,45.5,19.7,27.15,76.54,7.06,711.52,blackgram
30.3,55.4,26.6,29.99,59.63,6.23,713.99,blackgram
32.4,43.1,30.1,33.04,63.98,6.47,635.99,blackgram
21.7,47.1,28.2,23.19,52.45,6.81,617.1,blackgram
27.1,67.0,26.5,29.79,56.2,7.11,551.57,blackgram
25.4,51.1,31.2,24.07,48.0,6.71,680.91,blackgram
25.9,61.9,28.2,26.31,48.0,6.71,753.63,blackgram
22.6,52.2,28.1,24.95,68.99,7.45,597.53,blackgram
18.2,51.5,14.9,29.01,67.62,7.47,594.78,blackgram
27.5,45.1,24.2,23.42,62.44,6.68,658.9,blackgram
21.3,52.7,24.3,27.01,64.64,6.82,718.95,blackgram
24.3,49.2,25.1,25.86,61.12,7.61,501.35,blackgram
23.3,48.9,24.8,27.01,66.23,6.12,754.83,blackgram
28.8,42.1,14.7,25.07,62.06,7.8,690.62,blackgram
14.2,46.5,25.7,28.76,53.48,6.75,526.71,blackgram
18.4,54.1,29.9,30.52,68.6,6.6,712.89,blackgram
26.9,53.1,22.9,26.51,64.59,7.78,659.16,blackgram
21.3,45.3,23.5,34.53,60.81,7.16,571.13,blackgram
26.6,58.3,23.1,26.08,77.27,7.19,722.79,blackgram
29.7,55.7,36.1,28.13,68.62,6.22,512.76,blackgram
17.8,62.2,14.0,26.79,48.0,6.47,556.18,blackgram
33.3,55.2,21.8,31.2,64.14,6.82,463.65,blackgram
19.1,45.4,26.2,28.23,76.35,6.95,400.0,blackgram
26.6,40.4,21.2,25.56,58.69,6.25,646.45,blackgram
16.5,54.9,37.2,24.01,61.72,6.0,580.88,blackgram
28.9,57.8,26.4,30.67,80.0,7.48,552.07,blackgram
16.3,48.8,21.3,29.35,54.55,6.77,728.94,blackgram
24.4,44.4,31.9,22.36,61.38,6.78,622.07,blackgram
26.1,56.9,25.8,26.9,60.74,6.56,722.38,blackgram
21.1,58.8,26.1,26.44,68.95,6.51,702.96,blackgram
26.3,47.2,28.6,29.64,73.26,7.19,683.87,blackgram
18.2,71.6,19.0,30.85,67.45,6.33,603.84,blackgram
24.5,62.4,22.4,27.21,48.0,7.49,480.84,blackgram
27.0,51.2,25.5,30.43,77.37,6.9,705.16,blackgram
27.0,60.1,23.7,31.23,72.88,7.23,534.18,blackgram
24.0,53.9,19.1,32.78,63.9,6.91,544.99,blackgram
17.0,47.2,27.1,30.02,65.29,6.94,576.19,blackgram
28.0,63.9,29.5,30.43,66.35,6.2,484.19,blackgram
27.7,51.9,28.2,33.03,69.81,7.3,632.31,blackgram
20.2,51.5,22.0,32.67,70.32,7.01,780.67,blackgram
12.9,56.7,19.4,27.98,61.51,7.06,649.66,blackgram
33.1,47.2,29.5,28.49,50.92,6.43,600.52,blackgram
31.7,55.7,20.2,27.58,80.0,6.84,577.45,blackgram
28.0,58.1,23.7,29.51,61.37,7.09,642.06,blackgram
27.9,45.9,21.9,30.84,63.36,6.91,580.17,blackgram
30.4,47.1,25.3,30.36,73.38,6.59,874.76,blackgram
26.9,43.7,27.8,26.85,67.47,6.78,629.66,blackgram
19.5,59.9,20.2,24.67,66.94,7.44,574.16,blackgram
29.2,60.6,30.1,27.07,55.27,6.0,585.83,blackgram
32.1,43.0,29.5,25.15,64.85,7.08,534.27,blackgram
26.0,48.7,29.5,28.71,64.45,7.42,706.1,blackgram
20.9,51.3,25.6,28.24,80.0,6.95,400.0,blackgram
21.7,36.5,24.4,22.04,57.03,6.19,669.94,blackgram
25.0,54.4,25.5,23.82,68.11,7.57,673.2,blackgram
22.4,40.6,21.5,29.36,72.58,6.9,723.99,blackgram
29.2,56.1,22.7,28.52,57.21,6.81,663.01,blackgram
35.1,41.5,28.4,32.44,70.07,7.13,696.4,blackgram
32.8,43.3,19.1,27.98,48.0,7.29,778.69,blackgram
22.4,49.0,25.6,28.16,65.02,7.02,597.56,blackgram
30.7,55.6,23.0,32.01,53.13,6.76,745.7,blackgram
20.7,54.5,28.7,25.42,63.42,6.74,548.27,blackgram
38.0,45.9,31.0,26.82,55.31,6.84,704.38,blackgram
30.5,64.5,40.0,28.75,58.7,6.98,585.39,blackgram
30.6,41.6,37.8,30.57,50.53,6.52,726.09,blackgram
32.1,41.8,29.6,22.16,63.29,7.24,548.3,blackgram
16.0,53.2,23.0,29.89,56.92,6.49,400.0,blackgram
26.0,50.7,20.1,28.58,72.22,6.71,654.86,blackgram
26.6,42.4,36.3,26.59,69.25,7.11,601.85,blackgram
28.6,54.0,18.9,27.0,59.1,6.62,450.48,blackgram
31.8,64.8,30.9,31.81,61.24,6.55,518.78,blackgram
28.9,53.8,25.6,31.89,67.24,6.46,531.48,blackgram
29.1,60.3,28.8,33.69,77.08,6.98,510.98,blackgram
17.1,48.9,29.8,33.48,67.34,7.27,588.11,blackgram
28.7,58.6,16.1,26.76,71.6,6.91,464.45,blackgram
12.0,49.1,25.6,25.35,65.14,7.0,707.19,blackgram
12.0,41.5,24.5,29.72,67.91,6.99,570.16,blackgram
23.0,46.2,29.8,25.24,70.8,6.88,614.14,blackgram
21.1,41.2,22.8,27.01,48.0,6.72,740.17,blackgram
28.4,48.0,26.2,26.33,65.19,7.42,745.9,blackgram
28.1,48.1,29.7,22.94,61.98,7.03,716.25,blackgram
29.0,54.4,25.0,29.61,56.38,6.46,628.03,blackgram
26.0,37.4,28.3,30.32,63.38,7.75,531.22,blackgram
22.8,48.8,25.6,27.01,52.75,6.58,607.31,blackgram
32.4,69.6,32.7,25.67,58.43,6.74,851.99,blackgram
24.0,41.4,23.5,30.27,69.52,6.72,708.84,blackgram
12.0,52.8,30.3,25.5,57.31,6.05,826.69,blackgram
20.7,53.9,29.0,32.54,62.77,6.58,642.5,blackgram
32.7,50.6,21.2,23.38,54.23,7.15,578.32,blackgram
21.4,46.3,26.4,27.28,61.81,7.34,819.94,blackgram
15.3,54.6,22.1,27.26,66.47,6.71,649.96,blackgram
29.0,54.4,22.8,26.11,52.48,6.46,875.07,blackgram
20.2,42.5,27.6,27.67,62.44,7.36,691.39,blackgram
21.8,48.6,23.5,30.62,61.53,6.08,613.72,blackgram
15.8,69.5,21.2,27.51,66.07,6.68,582.3,blackgram
27.5,64.2,29.8,32.44,55.63,6.93,640.18,blackgram
27.1,63.0,24.9,26.78,68.27,6.09,589.21,blackgram
24.2,44.6,31.3,24.81,62.91,6.92,795.95,blackgram
24.9,59.5,29.5,28.37,55.28,6.23,633.85,blackgram
21.7,59.4,29.7,27.45,54.74,7.0,487.67,blackgram
20.4,44.2,25.3,31.51,63.96,6.62,421.67,blackgram
28.3,45.8,26.6,26.94,70.71,6.74,612.34,blackgram
27.9,68.9,30.4,27.73,64.03,6.59,496.5,blackgram
21.7,45.8,29.3,24.79,74.67,7.1,622.67,blackgram
25.0,47.5,27.4,31.26,58.37,6.19,711.42,blackgram
26.9,43.0,22.3,25.42,58.2,6.67,585.35,blackgram
21.1,45.9,24.9,28.5,61.47,7.26,686.05,blackgram
15.5,56.2,29.0,26.7,52.04,6.8,619.0,blackgram
18.3,40.4,25.6,27.3,60.66,6.77,476.64,blackgram
22.4,56.3,24.3,22.98,60.22,6.37,654.73,blackgram
26.9,38.7,29.8,24.66,76.47,6.78,457.97,blackgram
18.1,54.8,24.0,27.71,76.9,6.52,627.8,blackgram
33.5,54.2,18.0,29.52,54.7,7.36,513.03,blackgram
38.0,63.7,22.0,28.06,70.03,7.11,677.5,blackgram
28.3,49.0,20.5,18.46,51.87,7.05,507.67,lentil
26.0,33.6,23.2,20.16,58.35,6.29,627.93,lentil
22.4,53.9,28.7,21.18,48.2,7.0,434.07,lentil
21.9,44.3,21.8,12.49,48.43,6.85,448.06,lentil
23.1,38.5,29.7,19.19,43.83,6.51,482.27,lentil
28.9,58.3,25.4,21.14,42.13,6.32,460.9,lentil
20.8,58.4,23.2,24.34,54.58,6.72,309.46,lentil
28.9,60.9,16.5,24.03,48.06,6.96,633.4,lentil
28.7,55.2,23.9,21.35,41.8,6.88,394.28,lentil
20.3,47.1,19.5,19.91,42.41,7.1,325.88,lentil
21.4,51.1,20.8,18.98,32.32,7.04,541.52,lentil
24.5,58.3,22.8,20.94,46.25,7.18,330.16,lentil
17.5,62.7,12.2,19.08,54.38,6.86,441.52,lentil
22.6,47.2,22.1,17.45,53.87,7.47,467.33,lentil
15.1,45.8,21.3,21.02,36.94,6.59,528.51,lentil
26.7,45.0,16.7,27.0,51.27,6.79,562.56,lentil
21.4,56.9,22.6,19.77,44.09,6.32,664.12,lentil
17.3,39.1,21.1,16.62,44.59,7.18,574.55,lentil
26.1,47.6,22.2,20.72,30.94,7.13,341.56,lentil
32.2,46.8,21.3,17.19,39.96,7.8,569.34,lentil
14.3,62.0,26.8,18.66,47.45,6.89,667.4,lentil
18.0,51.2,20.3,15.2,62.53,6.43,500.91,lentil
13.3,46.8,23.7,17.03,49.69,6.79,590.21,lentil
28.8,45.3,22.3,20.05,49.95,6.91,498.07,lentil
20.8,50.9,27.2,21.44,50.61,7.19,465.39,lentil
23.6,41.3,27.1,12.0,44.3,7.36,350.43,lentil
24.0,44.6,20.5,22.34,46.58,6.09,387.24,lentil
26.9,53.6,29.0,24.55,42.26,7.8,482.33,lentil
17.2,44.9,13.0,24.32,57.76,6.49,458.35,lentil
22.5,42.3,15.0,18.87,42.43,6.74,501.16,lentil
29.1,47.6,22.7,21.68,49.43,6.65,489.16,lentil
24.7,41.0,27.1,23.79,39.22,6.98,541.02,lentil
19.3,53.9,22.7,15.1,48.67,6.46,569.22,lentil
18.6,48.7,27.5,20.99,36.36,6.49,423.07,lentil
24.0,52.9,18.6,16.0,47.25,6.83,684.94,lentil
22.2,64.5,17.3,14.78,36.04,7.38,646.83,lentil
18.1,46.3,17.3,14.07,50.75,6.99,481.0,lentil
15.0,63.1,20.0,21.1,33.36,6.82,507.68,lentil
23.6,51.2,24.0,16.11,46.58,6.95,502.01,lentil
22.4,39.8,16.7,12.86,51.54,7.23,560.14,lentil
23.5,32.9,17.9,20.01,46.08,6.81,515.05,lentil
22.1,51.0,19.4,22.45,41.55,6.37,406.76,lentil
20.3,58.0,21.8,18.94,35.01,7.21,418.06,lentil
21.5,61.8,24.0,14.62,30.84,6.87,364.79,lentil
25.2,50.3,22.7,17.38,58.93,7.8,453.53,lentil
23.8,50.8,21.0,17.0,36.32,6.45,518.5,lentil
19.4,30.0,23.8,19.39,55.77,7.05,339.53,lentil
10.9,44.2,19.5,22.33,44.93,7.35,354.14,lentil
26.8,55.8,13.9,23.47,45.75,7.06,397.83,lentil
28.4,40.5,25.3,21.96,37.21,7.69,502.0,lentil
25.3,37.8,30.5,15.83,53.2,6.5,421.2,lentil
25.9,58.2,16.9,22.77,53.36,6.52,631.87,lentil
14.7,45.0,23.9,16.94,47.11,7.0,462.23,lentil
26.2,48.2,22.9,22.94,51.33,7.21,370.83,lentil
24.6,43.0,16.9,19.28,37.77,7.22,557.38,lentil
12.5,43.4,16.2,18.11,48.64,6.8,423.97,lentil
28.5,31.6,26.9,17.87,44.38,6.69,626.57,lentil
15.8,50.1,24.1,14.67,37.64,6.84,395.77,lentil
17.9,47.2,24.6,18.47,53.63,6.5,361.07,lentil
31.6,44.7,16.8,14.27,53.6,6.76,455.9,lentil
21.2,58.1,21.3,26.53,46.07,7.32,556.5,lentil
21.8,45.3,23.3,21.03,40.42,6.97,597.44,lentil
32.3,56.8,29.5,17.61,50.62,7.44,394.85,lentil
19.6,63.9,18.1,15.48,57.22,7.38,521.05,lentil
21.8,46.5,23.1,24.24,46.91,7.77,394.7,lentil
21.9,47.0,17.7,19.04,48.34,7.11,686.19,lentil
24.3,59.2,22.3,24.53,64.19,7.11,385.7,lentil
19.3,52.3,23.8,21.6,48.68,6.9,419.56,lentil
24.0,64.8,26.1,21.1,53.24,6.75,431.71,lentil
18.3,49.0,20.3,23.12,41.2,6.58,664.54,lentil
19.7,51.2,23.8,16.09,54.88,7.15,628.05,lentil
18.6,50.8,22.2,20.29,33.36,6.94,344.49,lentil
23.8,33.0,14.6,21.96,40.63,6.5,600.73,lentil
23.6,57.0,21.3,27.0,40.16,7.6,474.17,lentil
13.7,53.9,23.3,16.35,37.62,6.89,513.23,lentil
10.0,58.4,20.0,15.5,52.53,6.89,595.54,lentil
24.2,50.0,21.4,20.95,41.69,6.56,537.94,lentil
21.3,50.3,26.4,19.16,45.12,6.66,520.92,lentil
23.7,57.2,19.7,18.13,51.34,7.0,393.91,lentil
28.5,36.4,25.1,15.7,60.09,6.28,589.46,lentil
21.6,47.1,22.7,21.4,37.76,6.57,541.71,lentil
13.5,45.3,34.0,16.6,54.18,6.67,528.36,lentil
25.3,59.0,21.2,25.47,40.29,6.99,503.3,lentil
16.4,47.7,22.6,18.2,64.53,6.56,592.05,lentil
26.3,49.9,18.5,17.2,40.86,6.19,384.67,lentil
14.6,60.8,24.5,21.86,49.71,6.97,618.76,lentil
18.9,50.9,25.0,15.54,65.0,6.91,493.49,lentil
28.3,57.3,22.2,19.89,32.97,6.68,529.13,lentil
24.2,59.8,21.5,15.34,53.45,7.47,565.33,lentil
21.2,58.4,34.0,19.85,34.51,6.67,539.42,lentil
14.0,51.4,23.5,24.11,55.48,7.25,300.0,lentil
26.6,55.6,23.0,14.31,38.79,6.43,300.0,lentil
22.0,43.6,32.5,18.99,55.35,6.27,429.64,lentil
22.5,42.7,20.3,18.85,43.13,7.64,515.93,lentil
24.4,54.3,24.5,19.25,42.43,6.97,589.9,lentil
27.6,48.1,25.1,18.92,45.27,6.71,462.74,lentil
28.7,50.7,22.5,15.16,42.53,6.8,401.23,lentil
22.1,46.6,22.3,19.86,37.35,6.74,487.35,lentil
27.9,52.1,19.4,20.7,58.66,7.27,532.02,lentil
25.6,61.5,26.3,21.2,53.55,6.47,337.28,lentil
22.8,50.5,19.8,21.98,30.1,6.69,433.93,lentil
13.8,62.0,16.6,17.73,52.26,7.16,374.72,lentil
25.4,52.3,31.3,20.71,43.87,6.56,409.3,lentil
17.9,61.0,22.1,21.2,57.11,6.0,601.49,lentil
22.3,53.5,18.7,17.23,48.91,7.8,575.31,lentil
28.3,48.5,19.6,17.16,41.09,6.08,411.13,lentil
19.2,48.6,22.5,20.59,44.88,6.67,300.0,lentil
19.1,42.2,23.9,22.23,52.51,7.2,467.32,lentil
19.4,44.0,16.0,22.48,43.6,6.4,401.48,lentil
17.7,50.3,26.3,18.46,26.98,6.82,465.16,lentil
20.9,45.0,22.9,19.7,44.8,7.07,439.17,lentil
19.6,61.0,24.2,21.98,54.81,7.11,568.2,lentil
14.1,51.6,21.3,24.53,52.42,6.65,515.42,lentil
22.8,53.6,17.9,20.58,43.17,7.01,411.18,lentil
19.1,59.4,17.8,16.57,44.59,6.59,395.92,lentil
22.5,38.0,18.0,25.66,48.68,6.6,519.73,lentil
24.8,58.0,21.5,22.43,28.69,6.48,495.57,lentil
23.6,42.7,23.0,17.63,42.78,7.31,566.35,lentil
17.0,41.5,20.4,19.42,39.74,7.32,513.0,lentil
24.0,39.9,26.7,12.0,51.67,7.27,438.92,lentil
31.6,67.4,30.4,21.52,75.0,6.34,905.17,kidneybeans
18.5,69.4,25.1,22.97,56.98,5.35,812.17,kidneybeans
18.9,69.5,24.8,20.58,61.25,5.78,741.37,kidneybeans
25.2,75.0,23.4,21.28,65.22,6.03,808.66,kidneybeans
27.8,72.5,34.5,14.43,45.13,6.2,574.21,kidneybeans
26.4,64.5,24.0,21.55,57.41,6.64,706.28,kidneybeans
32.6,71.5,26.0,22.9,59.96,5.81,839.94,kidneybeans
20.4,59.7,34.6,19.83,55.44,5.91,839.79,kidneybeans
15.4,80.9,30.7,19.89,59.02,5.89,915.06,kidneybeans
27.2,75.2,38.1,23.15,54.88,5.35,1050.17,kidneybeans
22.6,63.3,19.6,21.52,57.04,5.19,867.99,kidneybeans
21.0,90.0,26.6,19.19,49.88,6.31,744.08,kidneybeans
19.7,75.1,21.7,22.38,68.47,6.03,895.68,kidneybeans
29.2,85.1,37.3,21.82,62.33,5.45,916.44,kidneybeans
18.0,64.3,15.0,21.7,51.49,6.24,858.53,kidneybeans
30.7,57.2,36.2,26.82,61.35,6.12,825.44,kidneybeans
20.9,75.6,21.0,19.25,43.6,5.52,896.31,kidneybeans
27.0,68.5,31.0,14.84,53.39,5.53,701.14,kidneybeans
27.6,59.4,26.4,14.24,53.94,5.36,811.88,kidneybeans
18.3,69.0,29.1,25.52,59.48,5.06,610.27,kidneybeans
24.3,58.7,15.0,24.55,61.04,6.01,708.9,kidneybeans
26.6,61.0,31.2,17.74,66.61,5.17,984.84,kidneybeans
24.2,63.1,31.0,22.7,65.57,5.93,666.4,kidneybeans
24.3,86.2,38.1,23.23,61.57,6.08,973.81,kidneybeans
21.3,54.4,30.4,18.05,48.61,5.51,1172.8,kidneybeans
24.8,71.6,22.7,14.97,50.27,6.38,850.14,kidneybeans
27.6,75.4,26.5,24.66,51.57,6.36,866.35,kidneybeans
13.3,60.5,19.3,23.99,55.83,5.0,856.36,kidneybeans
20.8,53.2,40.1,20.82,53.95,5.64,573.01,kidneybeans
16.2,80.8,27.2,20.57,41.69,5.27,891.47,kidneybeans
26.3,85.5,38.1,19.81,59.31,5.67,1108.22,kidneybeans
30.9,69.7,31.2,24.83,60.06,6.42,500.0,kidneybeans
26.8,62.8,40.5,25.14,56.23,6.41,1067.47,kidneybeans
24.4,90.0,29.8,19.86,62.06,5.66,812.8,kidneybeans
32.5,68.2,19.8,21.6,51.13,6.15,904.43,kidneybeans
32.8,77.1,36.5,18.49,61.63,6.59,696.7,kidneybeans
34.8,62.5,24.9,21.39,61.01,6.16,655.74,kidneybeans
26.6,61.1,21.1,17.71,50.74,6.01,972.83,kidneybeans
15.2,71.5,22.9,22.39,51.64,5.38,919.95,kidneybeans
20.5,64.8,16.7,23.34,61.75,5.8,570.86,kidneybeans
31.3,61.3,27.3,27.44,51.07,6.1,884.31,kidneybeans
26.3,70.8,32.3,21.32,55.64,6.4,603.1,kidneybeans
30.1,76.2,34.2,23.85,55.35,5.05,789.16,kidneybeans
18.1,60.7,22.5,19.07,51.82,5.0,905.03,kidneybeans
37.3,74.1,28.8,20.34,53.05,5.84,794.45,kidneybeans
19.0,84.8,21.1,22.65,55.29,6.56,851.13,kidneybeans
21.8,65.5,30.2,17.07,50.63,5.09,661.55,kidneybeans
24.6,71.0,18.1,20.09,59.94,5.73,704.93,kidneybeans
21.5,62.6,26.2,21.02,72.15,5.5,752.28,kidneybeans
23.7,61.1,36.6,14.0,52.28,6.13,755.89,kidneybeans
19.1,72.4,35.4,21.13,50.39,5.98,739.69,kidneybeans
28.5,82.8,15.0,20.83,43.85,6.78,729.78,kidneybeans
28.5,67.6,25.2,17.73,67.1,6.18,1091.54,kidneybeans
24.3,70.9,28.4,19.64,48.71,5.83,681.61,kidneybeans
26.7,69.7,31.7,25.53,55.74,6.1,1107.73,kidneybeans
31.8,79.5,28.2,21.19,46.77,6.0,841.17,kidneybeans
24.1,78.3,22.8,25.4,62.31,5.77,777.69,kidneybeans
26.9,83.2,30.6,20.93,56.13,6.51,744.67,kidneybeans
23.8,82.6,30.9,23.91,49.62,5.72,1022.67,kidneybeans
19.9,66.5,31.5,17.53,53.1,5.85,807.0,kidneybeans
31.7,83.4,24.9,20.83,60.72,6.41,907.77,kidneybeans
25.7,74.7,34.0,17.72,57.35,6.38,768.9,kidneybeans
24.8,65.6,16.1,20.56,58.11,5.6,626.8,kidneybeans
18.7,75.6,41.8,24.65,46.59,6.14,700.53,kidneybeans
20.5,63.4,34.2,23.38,55.31,5.77,869.64,kidneybeans
27.4,79.8,22.3,20.56,48.52,5.78,766.07,kidneybeans
23.7,60.0,21.1,14.22,55.08,5.63,698.61,kidneybeans
31.9,59.4,38.5,25.37,42.34,5.84,740.05,kidneybeans
12.0,53.6,34.6,26.56,62.32,5.93,796.8,kidneybeans
34.1,89.5,26.5,14.5,41.31,6.33,792.94,kidneybeans
25.1,50.1,25.5,19.61,57.45,5.64,644.4,kidneybeans
19.3,80.1,31.5,22.34,49.71,5.0,721.53,kidneybeans
18.8,71.5,45.0,22.59,75.0,6.03,705.52,kidneybeans
26.1,85.8,41.0,18.77,57.77,5.23,923.7,kidneybeans
33.3,68.4,26.0,21.58,58.92,5.83,826.81,kidneybeans
23.0,78.0,34.4,17.55,48.93,5.7,910.53,kidneybeans
24.9,61.6,31.6,19.51,62.16,5.93,752.71,kidneybeans
25.4,81.2,26.6,21.71,55.51,5.97,701.82,kidneybeans
24.7,79.1,24.4,16.51,46.96,5.33,889.3,kidneybeans
15.6,65.0,33.7,21.75,53.3,5.88,816.07,kidneybeans
22.7,65.9,43.4,22.93,73.36,5.6,787.26,kidneybeans
16.0,59.9,41.4,18.93,69.43,5.3,641.98,kidneybeans
22.0,67.4,35.5,21.85,53.09,5.75,752.14,kidneybeans
18.5,59.1,36.2,15.02,67.32,5.66,684.12,kidneybeans
28.4,82.9,36.7,22.01,63.61,5.11,721.73,kidneybeans
18.5,80.2,27.7,23.04,59.75,5.46,711.96,kidneybeans
31.8,60.2,30.7,18.15,53.8,5.78,682.57,kidneybeans
18.2,70.9,24.9,18.07,49.43,5.77,941.56,kidneybeans
33.0,60.7,42.9,17.49,63.58,5.51,669.36,kidneybeans
19.5,67.5,33.5,22.51,49.39,5.4,662.5,kidneybeans
23.3,65.9,24.3,21.31,71.84,5.6,734.97,kidneybeans
27.4,62.4,34.0,18.34,68.82,5.94,707.0,kidneybeans
20.5,62.9,38.2,16.69,51.32,5.58,797.65,kidneybeans
22.4,53.1,27.6,20.2,51.6,6.07,937.91,kidneybeans
23.5,70.3,17.0,19.24,63.03,5.63,689.41,kidneybeans
37.7,86.2,32.8,23.92,40.42,5.48,729.51,kidneybeans
22.6,63.1,15.0,21.66,59.81,6.44,681.75,kidneybeans
18.8,45.0,28.2,23.2,51.72,6.66,761.51,kidneybeans
24.9,54.4,31.7,14.56,60.86,6.09,1003.89,kidneybeans
17.9,69.6,33.4,21.83,49.94,5.0,852.04,kidneybeans
23.1,62.3,34.6,20.37,46.77,5.03,630.66,kidneybeans
38.0,75.2,31.1,19.96,54.27,6.27,726.41,kidneybeans
27.5,64.5,41.6,22.73,64.72,5.57,958.72,kidneybeans
22.1,69.1,39.8,17.37,57.42,5.98,878.0,kidneybeans
21.3,88.9,22.2,24.88,64.51,6.56,561.77,kidneybeans
18.8,82.9,18.7,15.68,52.58,5.88,1038.83,kidneybeans
22.9,61.9,31.9,21.91,59.09,5.73,506.74,kidneybeans
18.5,82.2,31.1,19.53,63.83,5.35,766.2,kidneybeans
24.8,63.6,30.6,19.94,46.2,5.87,600.75,kidneybeans
25.0,81.7,28.3,16.99,55.11,5.47,889.18,kidneybeans
23.1,85.1,37.0,20.04,61.01,5.64,805.09,kidneybeans
21.8,75.7,38.6,22.9,62.45,6.17,882.69,kidneybeans
17.2,85.0,40.8,19.8,53.41,6.04,882.62,kidneybeans
22.8,55.5,31.8,22.15,61.08,5.94,759.33,kidneybeans
30.0,68.7,27.2,19.96,43.78,5.73,903.27,kidneybeans
26.0,83.2,28.4,21.96,61.55,6.74,821.71,kidneybeans
17.7,76.5,41.2,19.53,61.89,6.29,952.56,kidneybeans
24.8,61.0,29.5,21.88,62.36,5.93,743.01,kidneybeans
27.3,76.6,32.3,17.99,54.73,6.18,592.55,kidneybeans
12.0,83.1,33.1,22.32,48.46,6.1,841.29,kidneybeans
12.1,56.4,22.6,28.61,34.98,6.5,447.47,mothbeans
21.3,43.4,27.1,25.16,33.23,7.07,377.7,mothbeans
20.3,48.4,20.6,26.93,51.49,8.7,411.46,mothbeans
16.2,56.8,16.2,28.83,32.43,6.92,377.6,mothbeans
15.7,45.1,22.1,27.83,35.04,7.38,464.79,mothbeans
19.3,51.6,24.3,32.0,49.1,6.94,362.15,mothbeans
28.8,42.9,12.0,29.29,39.08,6.5,506.71,mothbeans
16.4,47.6,21.1,25.49,29.44,7.03,486.85,mothbeans
19.3,40.8,18.3,34.19,49.71,8.09,439.39,mothbeans
21.4,35.3,21.0,27.61,23.4,8.03,344.33,mothbeans
26.0,52.1,24.2,32.15,33.08,8.43,403.45,mothbeans
21.5,39.8,18.3,31.67,39.74,7.11,284.93,mothbeans
13.7,54.6,19.5,28.81,49.6,6.94,341.84,mothbeans
16.2,57.9,30.0,32.63,44.27,7.21,555.79,mothbeans
21.3,51.8,21.6,29.06,51.3,7.77,516.11,mothbeans
21.3,38.2,19.7,30.36,32.99,6.95,496.11,mothbeans
17.3,46.1,23.2,27.94,49.61,6.94,420.93,mothbeans
21.2,44.6,16.8,33.05,43.95,7.16,456.6,mothbeans
21.9,34.8,18.6,33.98,40.48,7.22,331.32,mothbeans
17.4,41.4,18.6,23.9,47.12,7.99,298.14,mothbeans
20.7,37.8,21.0,28.79,34.58,8.5,364.77,mothbeans
16.0,38.9,26.2,24.22,31.9,8.22,419.52,mothbeans
21.0,62.1,23.0,27.52,35.74,6.93,500.47,mothbeans
22.9,54.0,26.9,28.55,30.44,7.47,330.18,mothbeans
20.8,54.1,21.3,30.52,37.25,7.9,346.58,mothbeans
10.0,48.8,26.0,31.56,32.88,6.93,439.56,mothbeans
20.7,44.0,29.3,26.69,52.2,7.52,253.15,mothbeans
19.1,52.7,20.5,24.84,36.68,7.07,439.35,mothbeans
23.9,36.5,19.2,32.65,31.13,6.96,305.7,mothbeans
21.8,47.5,19.3,30.02,50.22,7.01,250.0,mothbeans
22.3,44.1,19.2,32.28,44.71,6.5,347.79,mothbeans
31.6,49.7,24.7,34.11,38.14,7.9,457.44,mothbeans
22.7,42.4,22.7,27.94,38.1,6.92,336.75,mothbeans
18.6,37.5,20.0,29.43,41.22,7.97,362.9,mothbeans
26.7,52.5,24.0,30.54,40.55,8.09,497.89,mothbeans
26.7,45.3,24.2,34.7,33.01,7.34,401.28,mothbeans
24.5,52.3,21.1,24.72,39.97,7.04,280.81,mothbeans
13.7,47.6,27.4,30.14,39.69,8.09,276.44,mothbeans
22.6,44.9,24.3,28.31,31.46,7.57,531.94,mothbeans
24.3,40.9,16.6,24.11,48.53,7.02,373.96,mothbeans
26.6,32.1,28.0,29.11,28.81,7.38,342.19,mothbeans
22.2,39.8,14.4,29.23,27.15,7.6,305.03,mothbeans
17.6,46.5,21.2,30.88,43.44,6.92,394.85,mothbeans
10.0,47.0,20.8,26.56,40.53,8.09,361.92,mothbeans
15.3,46.3,16.7,27.69,47.78,7.53,250.0,mothbeans
11.0,46.3,25.4,24.34,41.6,8.17,551.03,mothbeans
21.7,49.1,13.5,37.35,33.4,7.03,379.58,mothbeans
27.6,62.7,22.5,33.49,38.35,6.98,518.14,mothbeans
16.9,57.3,27.2,32.15,52.63,8.62,385.98,mothbeans
16.0,30.1,31.0,28.46,47.08,7.13,523.06,mothbeans
16.5,35.5,21.2,28.14,42.77,7.47,450.22,mothbeans
18.5,39.7,19.7,37.16,39.8,6.51,358.38,mothbeans
20.5,59.8,26.1,26.77,55.0,7.48,499.71,mothbeans
14.2,25.8,16.4,23.0,54.9,7.61,326.03,mothbeans
22.3,46.5,24.5,34.23,35.68,7.06,466.22,mothbeans
24.0,45.8,30.7,28.47,30.8,7.71,346.0,mothbeans
22.5,38.3,20.4,36.62,34.76,7.1,493.65,mothbeans
14.7,39.5,24.3,33.28,47.76,7.13,447.68,mothbeans
17.7,40.2,26.8,28.08,40.23,7.58,314.34,mothbeans
24.8,49.5,14.1,30.97,31.82,8.05,284.37,mothbeans
18.2,47.9,22.2,32.67,25.85,8.33,442.01,mothbeans
26.8,52.0,22.0,25.51,33.49,8.29,510.84,mothbeans
16.9,25.0,21.1,28.99,36.0,7.76,470.1,mothbeans
25.0,48.6,14.8,28.81,55.0,7.69,429.43,mothbeans
21.8,48.3,12.5,29.16,37.7,8.14,403.81,mothbeans
11.8,48.4,18.8,25.74,31.33,7.77,500.7,mothbeans
22.4,50.1,23.9,30.35,43.58,6.5,408.89,mothbeans
14.8,54.3,21.4,30.11,25.96,8.01,450.19,mothbeans
22.8,38.5,18.9,30.78,32.44,7.72,250.0,mothbeans
17.6,59.4,23.8,30.58,53.88,6.5,334.78,mothbeans
18.0,51.9,25.5,26.97,45.98,7.3,496.93,mothbeans
14.8,44.0,20.0,33.7,33.82,7.48,440.54,mothbeans
22.7,52.1,22.8,28.54,35.2,7.51,419.97,mothbeans
19.3,45.2,15.9,32.34,39.45,8.0,400.01,mothbeans
11.3,42.1,21.2,32.6,21.44,7.52,441.09,mothbeans
16.7,45.6,19.5,27.45,34.73,7.14,454.69,mothbeans
16.3,37.8,29.1,33.36,23.11,7.12,419.4,mothbeans
21.6,33.1,26.6,32.89,41.86,8.18,436.18,mothbeans
22.2,57.5,26.4,27.05,43.07,7.17,440.33,mothbeans
22.4,33.9,21.5,30.93,34.51,7.66,464.47,mothbeans
19.8,46.8,27.5,31.66,39.61,7.02,453.68,mothbeans
21.7,55.3,22.2,23.64,24.4,7.87,354.38,mothbeans
22.2,45.9,21.3,29.66,31.08,7.49,353.24,mothbeans
18.1,42.4,21.1,33.23,36.96,8.01,523.03,mothbeans
24.3,49.3,23.3,33.03,38.71,7.99,449.13,mothbeans
18.2,52.2,22.4,29.63,34.19,7.58,479.72,mothbeans
24.4,47.8,24.4,34.45,36.8,6.94,504.09,mothbeans
17.4,39.5,14.8,32.0,25.03,7.12,447.06,mothbeans
23.6,39.8,21.5,26.95,33.61,7.63,359.87,mothbeans
18.8,33.3,26.5,31.79,44.34,8.15,333.98,mothbeans
18.2,29.8,32.0,29.48,46.31,6.88,479.71,mothbeans
29.3,44.5,18.0,29.51,20.19,7.48,465.68,mothbeans
19.8,42.7,24.1,32.11,24.72,7.54,594.88,mothbeans
13.3,44.3,29.8,33.86,33.89,7.6,399.83,mothbeans
16.3,44.4,20.9,30.39,32.01,6.86,396.7,mothbeans
28.6,45.7,20.7,32.64,36.73,8.43,399.69,mothbeans
23.5,39.0,24.0,30.96,37.55,7.25,348.96,mothbeans
21.4,50.0,21.5,31.01,37.7,7.55,383.96,mothbeans
20.1,65.0,23.2,32.26,41.5,7.37,503.52,mothbeans
18.5,53.4,20.7,26.64,40.92,6.95,442.85,mothbeans
14.0,42.4,16.3,38.0,24.77,7.5,491.46,mothbeans
25.2,51.8,20.7,34.73,45.31,7.61,419.25,mothbeans
18.5,37.7,26.9,34.59,30.93,7.42,388.53,mothbeans
19.8,45.5,25.8,27.38,31.23,8.12,362.99,mothbeans
13.7,41.1,20.7,35.44,45.4,8.07,465.6,mothbeans
24.7,39.5,21.2,26.54,36.32,7.84,410.77,mothbeans
26.6,35.9,24.0,25.63,38.75,7.87,382.84,mothbeans
22.8,37.3,15.3,31.95,51.95,7.0,497.78,mothbeans
20.2,34.3,17.5,30.06,34.76,6.84,264.48,mothbeans
15.8,46.6,22.0,28.25,39.62,8.02,431.53,mothbeans
19.4,52.4,18.2,29.21,36.39,6.88,366.41,mothbeans
10.0,60.3,18.3,35.55,38.3,7.78,360.9,mothbeans
21.0,50.2,24.7,32.71,35.05,7.26,272.47,mothbeans
22.6,53.7,28.5,31.07,31.87,6.65,483.33,mothbeans
11.0,42.3,21.1,29.76,38.29,7.57,250.0,mothbeans
20.1,27.2,24.9,28.06,20.74,7.09,354.39,mothbeans
26.0,46.6,23.4,34.13,37.23,7.88,454.71,mothbeans
13.6,56.8,16.3,33.21,25.86,7.8,548.95,mothbeans
18.9,42.9,24.4,28.85,52.55,7.6,374.39,mothbeans
17.3,37.5,19.5,28.77,34.1,7.17,567.91,mothbeans
69.6,47.2,43.6,28.58,79.71,6.6,1562.89,jute
85.2,43.9,30.6,25.83,74.27,6.43,1458.31,jute
86.3,60.2,36.8,28.94,81.53,7.22,1594.06,jute
69.9,32.2,41.9,25.68,75.1,6.19,1490.24,jute
100.1,42.7,43.5,26.74,73.55,6.99,1176.33,jute
82.3,43.3,45.4,24.35,81.95,6.36,1322.22,jute
55.0,62.7,43.3,25.08,74.38,6.5,1629.22,jute
59.3,44.9,50.6,24.17,80.4,7.58,1608.04,jute
83.5,50.1,37.6,30.25,78.0,5.92,1352.17,jute
70.4,43.8,38.4,29.99,83.48,6.81,1449.26,jute
69.3,28.6,40.7,28.99,79.46,6.49,1566.13,jute
81.0,59.5,47.4,29.4,83.79,6.18,1615.75,jute
86.5,50.9,43.0,28.13,90.0,6.67,1684.08,jute
76.3,52.3,45.6,27.91,88.35,6.35,1328.19,jute
84.5,53.0,41.1,30.21,76.69,6.24,1527.03,jute
81.1,50.3,39.8,26.15,79.63,6.71,1373.75,jute
79.6,42.8,45.1,27.49,90.0,6.76,1312.29,jute
110.0,49.3,45.9,28.48,83.12,6.91,1174.48,jute
86.4,35.4,39.0,25.19,81.79,6.83,1570.29,jute
85.4,41.1,38.4,29.3,85.34,6.24,1067.27,jute
73.3,54.4,47.3,24.69,81.54,7.43,1553.83,jute
99.1,54.0,34.5,26.53,80.17,6.74,1679.08,jute
86.9,28.0,32.1,22.0,80.88,6.8,1520.81,jute
70.5,51.4,44.3,23.86,72.67,6.7,1897.95,jute
102.4,50.5,35.6,29.22,77.74,6.39,1000.0,jute
83.2,41.0,40.6,22.0,80.85,5.8,1721.99,jute
88.3,43.8,43.4,24.55,80.36,7.02,1000.0,jute
76.6,45.8,38.8,30.64,74.38,6.45,1000.0,jute
100.1,44.0,37.4,26.87,83.18,6.84,2100.0,jute
87.4,42.3,36.6,26.02,72.49,6.72,1645.87,jute
74.6,39.5,49.1,23.43,70.0,6.24,1064.89,jute
86.6,43.1,38.7,29.88,76.54,7.01,1827.83,jute
76.5,51.9,38.5,29.31,72.14,6.04,1352.18,jute
71.3,41.9,38.7,28.8,77.96,6.37,1362.12,jute
72.8,38.5,30.3,27.17,77.16,7.09,1088.15,jute
75.5,60.5,34.4,26.41,73.92,6.16,1836.83,jute
84.1,47.1,29.8,27.9,85.79,7.16,1617.08,jute
68.4,48.5,44.0,22.51,74.39,7.06,1669.01,jute
63.4,52.4,40.6,28.95,76.83,6.96,1660.96,jute
77.8,46.1,36.1,31.13,79.4,6.33,1271.04,jute
83.5,52.0,32.0,31.62,81.54,6.89,1425.7,jute
82.2,44.8,46.1,26.98,83.84,6.53,1498.91,jute
72.4,55.7,35.0,26.19,78.43,6.56,1630.62,jute
78.2,57.2,35.1,27.42,76.12,6.87,1446.01,jute
80.1,55.5,36.1,28.47,76.16,6.75,1151.11,jute
74.0,45.3,50.9,27.25,88.27,6.79,1353.23,jute
100.5,49.5,36.1,28.18,78.54,5.9,1683.99,jute
95.1,60.7,42.5,26.38,84.17,7.04,1859.57,jute
81.5,44.7,35.7,28.34,72.26,7.01,1596.96,jute
89.0,47.1,49.2,29.18,76.96,6.46,1230.08,jute
88.6,38.0,46.5,30.31,75.6,6.63,1454.16,jute
92.6,58.9,29.9,26.2,78.67,6.14,1328.72,jute
87.1,43.8,30.7,34.0,81.33,6.74,1175.52,jute
85.1,44.7,28.7,24.32,83.97,7.48,1541.79,jute
95.2,44.8,39.5,29.73,88.31,7.22,1183.41,jute
81.2,48.2,38.4,27.97,84.1,7.1,1871.47,jute
78.0,35.1,42.1,31.71,77.62,6.97,1623.94,jute
84.3,46.1,34.5,22.0,74.44,6.54,1724.36,jute
80.8,41.8,34.7,28.64,86.79,7.13,1601.54,jute
64.3,43.2,51.7,29.8,72.31,6.68,1540.77,jute
72.9,28.0,40.6,25.03,76.08,6.56,1416.58,jute
81.9,38.9,38.7,22.61,81.56,5.8,1377.63,jute
93.0,37.5,44.3,29.89,70.0,6.64,1000.0,jute
80.6,45.9,25.1,31.81,81.43,6.36,1816.34,jute
60.5,36.2,26.2,31.5,81.66,6.96,1525.25,jute
88.9,46.6,41.6,27.27,76.96,6.68,1518.4,jute
83.3,34.2,31.9,29.71,78.47,6.93,1176.97,jute
64.3,39.3,38.7,25.34,86.47,6.77,1912.23,jute
86.9,28.0,46.3,23.23,81.15,6.39,1985.68,jute
99.3,40.1,39.2,27.61,84.32,6.71,1193.78,jute
73.4,46.0,47.4,28.07,76.13,6.96,1353.25,jute
92.7,65.0,37.8,29.0,76.27,6.66,1457.39,jute
79.7,65.0,38.2,28.47,70.35,6.87,1735.51,jute
75.7,28.0,39.8,27.04,83.62,7.5,1354.99,jute
71.7,36.7,41.2,28.2,77.27,7.01,1566.35,jute
82.5,38.8,37.1,22.0,81.18,6.71,1497.12,jute
88.1,49.1,39.3,27.12,72.98,6.47,1462.62,jute
73.2,52.9,36.0,27.54,80.58,7.0,1675.2,jute
90.3,29.2,47.2,30.82,77.59,6.79,1227.29,jute
58.6,40.1,36.8,26.11,75.21,6.41,1447.25,jute
72.8,50.3,44.1,32.95,85.63,6.8,1294.93,jute
85.5,48.6,36.9,28.96,73.01,6.6,1588.96,jute
78.5,44.3,39.2,24.91,85.87,6.29,1529.54,jute
87.0,38.4,40.4,24.73,86.96,6.24,1286.53,jute
67.3,35.1,49.5,28.36,80.7,6.44,1676.9,jute
72.1,52.3,34.8,25.39,83.79,7.05,1599.37,jute
69.4,42.4,40.9,24.88,86.85,5.8,1255.32,jute
75.9,28.0,31.6,28.56,80.15,7.33,1836.31,jute
87.2,48.5,40.4,22.0,73.03,6.74,1604.01,jute
85.5,38.9,45.6,30.71,84.69,7.1,1310.19,jute
94.9,47.2,43.1,27.91,79.39,6.36,1429.47,jute
93.8,42.5,45.4,28.84,78.51,7.26,1361.11,jute
100.1,49.5,39.9,24.78,79.56,6.62,1135.43,jute
79.4,39.6,43.5,30.27,73.87,7.38,1417.86,jute
70.3,52.1,37.3,26.8,77.98,6.37,1631.0,jute
78.6,34.5,43.3,23.99,74.23,7.18,1150.92,jute
55.0,51.0,38.2,26.46,78.43,6.79,1261.82,jute
99.7,34.2,42.7,28.61,76.2,6.29,1704.29,jute
70.1,41.1,45.3,27.09,71.01,7.4,1317.5,jute
77.2,48.0,43.8,31.9,71.7,7.03,1635.75,jute
80.4,52.3,45.6,23.55,88.75,6.08,1166.17,jute
78.9,61.4,38.2,26.92,87.16,6.58,1155.39,jute
77.0,57.0,40.4,31.83,83.69,6.44,1462.77,jute
71.8,40.7,55.0,29.55,84.31,6.45,1842.4,jute
95.2,61.1,51.0,23.3,74.45,6.3,1214.01,jute
85.9,41.5,52.4,31.76,79.97,7.48,1822.03,jute
76.6,29.9,38.7,25.39,81.03,6.74,1465.75,jute
88.3,36.3,42.5,25.9,81.0,7.08,1143.9,jute
78.6,45.1,36.9,29.25,76.4,6.48,1272.52,jute
95.1,42.1,42.8,31.94,79.63,7.14,1867.84,jute
94.3,45.9,43.9,23.78,76.1,6.46,2010.15,jute
72.2,39.4,33.7,28.4,80.71,7.13,1617.81,jute
65.4,39.5,48.2,26.49,85.94,6.64,1208.09,jute
78.4,38.3,36.6,27.5,82.56,6.06,1445.66,jute
75.0,40.8,40.8,25.62,86.91,7.18,1745.46,jute
76.1,38.3,40.5,26.62,76.96,6.23,1439.62,jute
77.2,51.5,44.0,29.75,73.7,6.86,1268.13,jute
67.4,42.6,46.4,26.07,87.83,6.92,1351.48,jute
95.9,49.6,34.4,31.65,81.3,6.71,1236.12,jute
96.2,50.1,43.8,25.73,84.17,7.06,1282.81,jute
80.7,39.1,22.6,22.88,72.32,6.69,1632.15,coffee
118.6,31.4,38.0,27.65,68.59,6.32,2574.63,coffee
103.0,35.4,36.7,22.6,64.76,6.65,1200.0,coffee
95.7,43.5,29.9,20.77,80.28,5.86,1383.33,coffee
106.1,33.7,24.5,24.09,77.79,6.06,1662.6,coffee
109.1,43.3,30.3,24.14,78.39,6.55,1761.79,coffee
88.3,31.8,34.1,27.05,72.1,6.52,1651.58,coffee
103.7,45.6,36.6,19.4,71.57,6.7,1792.56,coffee
84.8,29.3,36.2,24.99,75.11,7.19,1997.25,coffee
98.3,29.3,26.2,23.34,72.07,6.87,2189.89,coffee
111.5,26.7,28.0,25.64,71.62,6.65,1892.38,coffee
102.8,30.1,31.4,22.97,81.2,5.85,1671.15,coffee
102.7,39.6,26.5,19.21,79.04,5.59,2135.49,coffee
99.7,24.2,29.1,23.45,71.8,6.21,1972.02,coffee
99.0,28.4,30.2,26.04,85.11,5.39,2077.31,coffee
105.8,41.5,28.7,18.08,78.51,5.82,1333.51,coffee
82.2,39.2,32.8,24.46,79.01,6.03,1728.86,coffee
94.3,33.5,26.2,23.48,81.45,5.87,2134.38,coffee
103.7,36.7,21.8,17.98,75.86,6.52,1548.59,coffee
127.1,40.1,26.5,22.58,88.0,5.7,1908.48,coffee
97.2,39.9,39.6,21.53,81.71,7.09,1769.88,coffee
113.8,30.9,32.1,22.06,79.78,6.68,1717.1,coffee
125.0,45.7,37.1,21.21,71.33,5.88,2034.75,coffee
83.8,39.7,25.5,24.56,75.1,6.73,2092.44,coffee
123.5,45.2,32.9,19.6,68.68,5.37,1424.9,coffee
103.0,31.1,30.9,23.73,73.18,5.75,1734.03,coffee
88.5,33.1,40.1,21.82,85.63,6.77,1576.21,coffee
85.3,34.6,38.9,21.27,80.45,6.68,1517.79,coffee
91.9,40.0,32.9,20.78,72.89,6.17,1280.54,coffee
113.5,31.6,18.0,22.44,70.55,6.88,1574.37,coffee
85.5,38.6,28.0,20.55,78.06,5.78,1312.82,coffee
127.9,39.1,30.4,22.49,78.04,6.59,1523.21,coffee
107.5,31.5,30.9,22.9,74.96,6.49,1896.13,coffee
79.4,25.5,29.8,27.07,69.89,6.12,1589.1,coffee
93.7,36.2,40.4,23.64,70.18,7.2,1773.57,coffee
93.3,44.9,29.2,26.66,69.78,6.77,1810.31,coffee
121.4,48.3,25.2,25.69,66.55,5.78,1508.98,coffee
109.6,35.2,31.0,22.87,78.55,6.47,2078.25,coffee
129.3,34.9,28.9,24.03,68.13,5.93,2049.81,coffee
100.1,26.5,23.1,22.62,81.85,6.65,1783.26,coffee
132.1,34.3,31.2,16.08,72.32,6.54,2219.19,coffee
89.5,38.2,38.3,22.53,61.3,6.3,1978.43,coffee
87.8,33.2,25.1,16.07,81.16,6.2,2229.3,coffee
114.9,32.5,31.5,23.92,80.8,6.33,2081.68,coffee
97.5,28.0,31.6,23.01,67.79,5.67,1884.22,coffee
95.9,33.8,29.8,26.3,82.57,5.71,1590.16,coffee
114.8,39.2,31.8,19.66,70.9,5.99,1833.1,coffee
127.6,30.2,25.8,22.23,81.19,5.62,2186.09,coffee
99.4,29.9,22.4,24.27,73.97,6.27,1479.76,coffee
97.2,31.6,31.4,20.83,65.79,7.2,1340.98,coffee
104.7,22.6,20.0,22.74,76.05,6.7,1869.86,coffee
99.8,28.4,41.0,24.82,67.52,6.22,1793.22,coffee
96.8,40.4,37.0,22.02,73.31,6.8,2029.85,coffee
103.1,23.6,34.1,24.25,60.0,6.3,1624.99,coffee
98.7,28.6,31.1,25.98,72.32,6.59,1508.1,coffee
113.4,35.0,34.1,22.52,78.85,5.2,1324.05,coffee
108.3,20.7,28.8,22.36,70.03,5.92,1831.47,coffee
117.1,28.3,28.5,20.67,60.47,6.26,2030.42,coffee
117.2,28.9,24.5,22.55,79.98,6.26,1836.79,coffee
119.1,29.8,30.7,26.59,73.82,5.69,1549.19,coffee
87.9,37.5,26.6,23.18,70.58,5.35,1841.99,coffee
104.2,38.6,28.0,20.55,77.41,6.81,1753.35,coffee
108.4,32.7,22.7,24.92,80.45,6.48,1695.42,coffee
111.0,41.3,41.7,24.97,75.38,5.68,1796.7,coffee
105.8,40.0,40.1,22.26,87.61,5.5,1875.8,coffee
90.0,21.6,30.8,18.86,74.03,6.21,2085.56,coffee
79.4,41.4,32.6,25.07,72.41,5.67,1384.75,coffee
82.6,38.3,40.9,21.09,78.77,5.59,1804.1,coffee
112.0,24.9,30.8,24.29,60.0,6.73,1856.1,coffee
112.8,32.1,21.7,23.84,74.5,6.21,2076.28,coffee
113.4,48.4,32.9,20.77,73.87,6.37,2054.76,coffee
80.0,35.1,41.7,21.9,80.59,6.4,2036.76,coffee
89.9,29.4,32.1,18.67,73.38,6.3,2285.39,coffee
108.0,39.4,39.0,20.09,74.01,7.17,1726.26,coffee
118.7,41.7,23.1,23.28,75.88,6.33,1523.77,coffee
85.2,31.7,31.4,25.46,85.9,6.76,2008.06,coffee
86.9,32.1,33.3,20.92,78.46,6.49,1910.89,coffee
117.4,28.7,37.6,20.76,69.35,6.41,2114.76,coffee
109.3,35.1,33.9,22.84,68.24,5.7,1726.35,coffee
103.2,35.1,36.1,21.96,78.38,6.14,2297.01,coffee
103.2,50.0,34.1,21.97,69.6,5.62,1452.57,coffee
88.8,37.8,28.8,22.97,82.69,6.16,2373.75,coffee
84.4,33.9,28.8,24.84,61.56,5.62,1717.8,coffee
125.3,36.6,23.9,19.51,85.04,5.95,1467.11,coffee
124.2,42.1,39.6,20.12,65.85,6.25,1850.54,coffee
107.5,45.3,21.6,24.65,68.42,6.54,1607.51,coffee
89.8,30.7,23.3,22.6,70.36,6.51,1942.02,coffee
127.3,37.6,35.1,26.0,71.23,5.6,1810.03,coffee
80.7,50.0,40.7,27.91,75.37,6.42,1612.16,coffee
115.2,26.5,18.0,20.52,66.27,6.79,2294.7,coffee
81.0,44.0,37.7,18.58,72.66,5.97,1974.4,coffee
83.6,34.3,27.9,23.68,73.7,5.99,1686.01,coffee
132.5,32.1,25.8,23.96,74.14,5.63,2419.45,coffee
96.7,32.4,33.0,26.83,64.92,6.31,2376.18,coffee
103.9,26.4,28.3,23.02,82.98,6.06,1998.0,coffee
80.5,24.9,29.1,26.1,75.41,6.32,1833.42,coffee
118.6,30.7,36.1,20.42,86.9,5.88,1485.28,coffee
110.2,35.6,34.0,23.07,68.46,6.85,2018.06,coffee
122.4,31.3,34.5,22.99,81.77,6.66,1807.92,coffee
79.2,47.5,35.3,20.98,77.44,5.6,2066.61,coffee
79.9,33.5,33.5,25.1,75.64,6.45,1741.55,coffee
101.5,35.6,30.9,18.28,70.39,6.3,1675.26,coffee
99.7,32.7,26.8,21.27,73.16,6.2,1868.01,coffee
99.3,27.8,23.6,28.0,68.22,5.99,1905.1,coffee
107.4,38.6,29.3,23.1,75.37,6.08,1823.62,coffee
117.8,34.8,31.9,25.17,80.77,6.83,1223.13,coffee
115.6,39.2,26.7,23.13,81.31,5.87,1882.77,coffee
115.1,27.5,31.1,23.25,70.22,5.85,1709.49,coffee
114.0,39.5,26.8,24.13,69.98,5.56,1639.86,coffee
118.8,39.6,32.0,21.46,72.66,6.24,1429.47,coffee
96.8,33.5,23.9,20.4,77.46,6.2,1657.37,coffee
88.3,46.0,27.0,23.13,72.07,6.21,1887.28,coffee
81.4,35.0,39.1,26.9,74.22,6.22,2413.4,coffee
119.0,30.7,28.3,24.89,68.93,6.64,1850.29,coffee
109.8,33.2,28.2,26.15,73.52,6.04,1725.96,coffee
104.9,27.8,28.6,20.95,80.07,5.85,1223.27,coffee
72.5,24.7,40.2,22.54,78.01,6.41,1766.86,coffee
100.9,42.3,32.9,26.0,78.72,5.95,1600.86,coffee
91.1,43.5,29.6,20.5,76.92,6.16,1838.37,coffee
130.3,41.4,32.2,18.98,72.0,6.48,1398.69,coffee
132.1,82.1,52.4,25.0,82.98,6.04,1941.22,banana
119.8,91.8,40.9,27.62,87.25,6.74,1149.47,banana
90.2,77.5,47.2,31.59,68.47,6.76,1076.92,banana
85.6,61.9,47.6,31.53,81.59,6.02,1654.29,banana
118.5,83.0,68.3,29.46,84.1,6.18,1556.85,banana
103.3,87.2,46.5,27.38,75.1,5.64,1649.58,banana
77.5,83.1,54.7,27.98,78.3,6.61,1517.74,banana
111.0,99.3,53.9,27.19,74.56,6.67,1566.85,banana
97.1,87.4,49.7,29.01,85.48,6.86,1429.46,banana
84.4,75.9,56.8,34.35,77.96,6.68,1260.99,banana
85.4,75.2,35.3,31.06,66.62,6.39,1105.47,banana
86.7,95.8,53.6,24.1,76.46,6.19,1389.11,banana
102.6,101.0,36.7,26.9,78.11,6.88,1488.7,banana
108.9,85.5,44.5,30.63,84.79,6.87,1716.01,banana
106.3,96.8,55.0,26.34,79.96,6.49,1270.15,banana
124.5,85.0,52.8,28.16,92.0,6.05,1188.74,banana
79.3,79.7,54.0,25.6,76.76,6.56,1274.47,banana
104.7,93.1,57.4,29.64,86.52,6.61,1360.34,banana
88.4,78.1,47.8,29.2,82.08,6.78,1109.92,banana
121.5,77.7,43.2,25.68,92.0,6.34,1318.73,banana
97.1,80.5,45.7,27.43,86.45,6.63,1122.21,banana
94.8,76.5,52.4,30.99,79.11,6.46,1844.41,banana
113.1,87.7,67.7,28.47,68.08,6.83,1002.0,banana
106.8,64.9,48.3,25.91,75.38,6.36,1658.14,banana
89.3,87.5,44.3,26.43,81.94,6.1,1072.07,banana
107.4,93.2,51.4,25.63,80.93,6.52,1460.73,banana
70.0,71.3,45.2,27.45,81.12,6.75,1464.4,banana
80.5,96.5,62.2,23.23,82.0,6.26,1434.72,banana
115.8,103.3,58.0,27.88,77.96,6.57,1739.94,banana
99.3,73.1,39.0,28.54,81.48,6.24,1656.5,banana
93.7,80.7,51.9,25.95,81.42,6.96,1114.38,banana
107.3,83.7,53.2,29.62,80.3,6.69,1578.97,banana
92.4,85.0,50.0,26.6,78.07,6.69,1420.41,banana
105.9,81.8,39.2,27.09,80.38,6.6,1251.57,banana
82.1,88.2,49.8,27.51,78.31,6.5,1287.68,banana
85.5,86.7,47.2,27.49,82.46,6.27,1099.03,banana
135.0,76.7,57.0,32.82,84.74,6.38,1383.22,banana
87.5,90.8,56.5,25.46,73.75,5.97,1646.63,banana
101.8,84.1,45.4,22.61,85.78,6.52,1626.81,banana
94.2,79.6,57.7,29.2,84.79,6.38,1553.64,banana
116.6,81.0,47.9,31.03,76.07,6.75,1385.39,banana
72.4,93.3,35.0,21.05,83.16,6.71,1240.61,banana
102.2,60.0,57.7,27.75,79.73,6.51,1523.31,banana
99.6,63.3,69.6,30.6,72.29,6.36,1340.99,banana
116.2,60.4,48.0,21.72,78.29,6.31,1419.92,banana
90.9,74.5,57.0,28.36,83.31,6.43,1257.07,banana
98.2,87.0,35.0,28.18,81.85,6.52,1362.67,banana
70.0,77.6,66.3,27.04,78.16,6.51,1488.69,banana
109.9,79.7,55.4,32.03,86.04,7.44,1235.81,banana
125.1,74.1,54.8,29.2,76.94,6.54,1627.62,banana
89.3,98.7,40.9,32.82,86.01,6.46,1299.33,banana
92.4,80.6,51.6,30.77,91.81,6.58,1188.59,banana
91.8,80.2,43.8,23.46,92.0,6.62,1191.72,banana
112.2,70.2,43.2,24.59,89.93,6.4,950.0,banana
118.2,78.9,37.2,26.05,83.13,6.66,1849.6,banana
87.2,82.5,46.4,22.37,85.31,6.69,1470.92,banana
106.4,75.1,44.0,27.11,86.97,7.14,1598.86,banana
100.4,84.7,52.1,23.92,80.15,5.97,1368.98,banana
124.5,90.2,44.6,26.78,74.99,6.47,1660.28,banana
109.8,105.0,61.5,27.61,84.06,6.42,1118.12,banana
119.6,92.1,50.1,27.82,87.45,6.84,1034.22,banana
103.7,80.3,60.9,30.09,87.91,6.05,1203.97,banana
116.7,76.1,39.8,28.6,76.72,7.22,1474.05,banana
102.4,78.3,64.7,28.08,77.55,6.18,1381.63,banana
85.3,92.3,37.5,26.58,83.66,6.64,1220.68,banana
109.9,73.1,51.8,28.96,82.78,6.23,1699.37,banana
101.3,89.4,64.2,30.35,86.72,6.58,1598.48,banana
103.2,69.9,54.4,27.77,83.5,6.45,1209.64,banana
109.8,68.9,63.7,26.31,81.47,6.72,1547.67,banana
78.9,90.2,54.4,25.09,75.5,6.37,1075.31,banana
125.8,96.9,55.6,26.33,78.82,6.8,1839.46,banana
91.4,70.8,64.4,21.64,73.95,6.4,1009.89,banana
116.7,90.6,47.4,30.84,88.7,6.45,1287.33,banana
133.9,89.2,54.1,31.09,81.81,6.3,1420.04,banana
115.6,62.1,49.7,31.15,76.93,7.12,1753.69,banana
99.0,76.3,49.7,34.99,91.25,6.55,1247.96,banana
101.8,84.4,42.1,27.24,87.93,5.78,1606.65,banana
120.6,76.4,65.6,24.93,82.65,6.38,1323.25,banana
90.7,89.0,58.8,26.81,71.84,6.66,1505.5,banana
96.7,100.7,39.5,20.35,75.61,6.78,1136.04,banana
85.3,91.5,55.7,28.13,84.69,6.33,1305.25,banana
112.1,68.6,35.0,25.7,85.59,6.6,1614.32,banana
70.0,85.2,57.2,22.95,85.17,6.46,2100.0,banana
70.0,95.7,48.8,22.15,76.84,6.61,1659.37,banana
125.8,96.2,44.3,30.39,82.35,6.24,1347.02,banana
89.4,82.4,46.2,23.92,82.87,6.75,1353.1,banana
120.5,79.4,49.6,28.98,79.21,6.53,950.0,banana
100.3,63.7,42.2,22.99,73.74,6.28,1278.38,banana
110.0,84.2,36.8,27.25,81.91,6.37,1384.78,banana
102.9,89.6,39.4,26.27,89.05,7.07,1612.73,banana
108.1,98.5,67.3,26.61,74.18,6.39,2100.0,banana
76.5,77.3,40.7,27.37,72.78,6.46,950.0,banana
109.3,94.2,48.9,26.59,79.02,6.57,1390.46,banana
111.5,94.3,45.5,26.07,85.41,5.93,950.0,banana
103.4,87.0,46.2,25.26,75.44,6.15,1573.37,banana
82.3,79.3,44.8,22.63,85.22,6.29,1447.11,banana
77.4,74.6,58.0,34.76,68.14,6.42,1503.07,banana
90.8,90.5,45.1,27.46,76.87,6.99,1230.91,banana
94.7,91.5,43.8,27.21,69.06,6.06,1495.53,banana
85.1,76.6,55.9,25.26,84.94,6.59,1508.92,banana
118.6,85.2,64.3,29.73,76.86,7.02,1465.97,banana
94.1,84.8,60.9,28.37,90.93,6.93,1530.79,banana
84.6,80.2,52.6,29.09,83.82,6.57,1430.09,banana
110.8,73.4,65.6,20.86,88.73,6.48,1650.64,banana
105.5,85.5,56.4,29.43,78.03,6.91,1128.88,banana
99.9,90.4,60.0,28.38,77.64,6.86,1232.66,banana
126.3,81.2,39.7,23.42,80.26,6.56,1892.41,banana
84.4,82.4,43.5,25.52,90.1,6.05,1546.76,banana
105.9,81.8,56.2,23.52,89.94,7.27,1411.78,banana
135.0,78.0,55.2,31.3,77.25,5.95,997.07,banana
130.9,76.7,50.5,23.66,85.69,6.19,1277.18,banana
104.5,71.4,50.6,31.21,82.57,6.55,1453.72,banana
94.2,102.0,45.5,27.63,80.69,6.9,1675.79,banana
99.5,84.9,54.6,20.18,70.47,6.26,1259.6,banana
82.0,89.5,52.0,26.36,72.46,6.48,950.0,banana
97.6,82.6,53.9,22.31,81.35,6.08,1196.88,banana
110.8,102.1,52.4,24.55,81.13,6.88,1555.25,banana
135.0,74.8,54.0,31.65,88.92,5.72,1399.16,banana
122.3,105.0,57.6,25.9,73.94,7.39,1582.19,banana
87.3,80.0,54.5,28.63,74.6,6.25,986.77,banana
31.2,30.0,36.8,33.98,61.76,6.25,1142.66,mango
25.4,39.5,35.9,27.09,68.38,6.79,805.57,mango
34.2,34.2,35.7,32.52,55.46,6.68,1017.11,mango
16.2,26.0,37.4,25.69,72.88,6.78,1393.36,mango
25.7,33.5,26.8,32.49,63.04,6.53,1471.43,mango
21.4,31.2,36.0,25.73,58.5,6.5,1028.41,mango
32.9,22.9,40.7,31.31,55.45,5.93,700.0,mango
20.2,38.3,33.7,33.07,55.04,6.58,942.15,mango
19.2,31.4,30.0,23.6,58.54,6.34,1379.04,mango
30.6,39.3,38.3,30.16,50.17,6.36,1231.29,mango
33.7,36.1,41.4,25.39,57.39,6.47,1355.41,mango
24.1,31.5,38.1,25.06,72.86,5.95,700.0,mango
25.1,42.2,37.5,31.63,60.33,6.24,760.12,mango
12.0,33.2,41.9,30.2,64.99,6.93,1172.33,mango
24.3,27.1,46.1,30.84,52.45,5.83,1375.67,mango
18.8,43.1,20.0,33.98,63.9,6.35,1061.4,mango
36.3,36.2,28.6,22.98,61.42,6.3,765.63,mango
24.7,28.6,34.1,31.54,71.94,6.66,941.28,mango
27.2,32.4,26.0,30.39,74.85,6.31,749.28,mango
25.2,24.7,39.2,30.84,58.63,6.17,1053.31,mango
25.0,27.4,25.7,32.99,56.92,6.37,1162.76,mango
26.9,25.0,23.9,26.94,63.17,6.01,1021.92,mango
37.8,20.9,29.5,35.64,59.64,6.02,1357.13,mango
25.3,29.9,35.2,26.7,51.86,6.25,877.58,mango
25.1,34.1,39.1,32.95,56.75,6.5,1208.36,mango
27.0,29.1,27.8,30.76,46.35,6.19,700.0,mango
17.0,26.7,40.6,31.41,55.57,6.59,1295.28,mango
24.0,23.7,32.8,28.66,50.14,6.45,1161.56,mango
27.7,33.7,38.4,28.37,61.61,6.14,971.41,mango
33.0,19.7,39.3,26.83,54.0,6.4,772.29,mango
20.1,26.9,32.7,26.19,72.81,7.02,700.0,mango
28.3,37.2,37.3,26.7,58.05,6.0,1007.54,mango
17.7,31.3,25.0,28.3,50.01,6.38,950.53,mango
26.7,38.5,43.5,21.0,53.33,6.18,1201.27,mango
15.1,26.1,34.8,29.3,63.02,6.48,1174.49,mango
26.2,32.3,38.0,21.16,72.35,5.42,862.58,mango
23.6,36.0,20.0,28.9,66.34,6.7,946.59,mango
23.2,28.3,31.6,25.39,52.89,6.47,1128.96,mango
27.9,33.3,38.2,32.07,46.07,5.96,1049.1,mango
24.9,28.0,39.5,35.93,61.49,6.33,1286.88,mango
13.8,32.2,39.9,26.75,50.19,6.23,1086.65,mango
19.5,44.6,31.1,24.96,59.25,6.66,1103.83,mango
27.9,26.8,42.9,30.97,68.38,6.45,1281.47,mango
19.8,29.1,42.1,34.46,50.82,6.4,1005.19,mango
20.8,33.7,40.8,30.58,57.44,6.51,1020.81,mango
27.5,40.4,21.5,31.79,47.69,6.79,959.85,mango
17.7,36.2,36.2,25.5,49.98,6.23,835.1,mango
18.6,32.7,28.2,30.49,71.92,6.24,1128.63,mango
37.1,24.9,41.1,32.75,66.83,6.82,1161.73,mango
21.5,38.6,40.8,32.87,60.36,6.01,1142.1,mango
30.7,38.1,31.4,30.1,49.53,6.69,927.67,mango
29.7,25.1,40.2,30.13,53.75,6.58,970.12,mango
29.5,30.4,23.7,25.56,56.56,6.85,1298.25,mango
34.7,41.9,30.8,28.34,56.71,6.03,700.0,mango
24.9,24.3,33.8,36.0,55.93,6.38,1299.46,mango
26.7,33.8,31.8,28.19,52.32,6.64,716.87,mango
30.8,23.6,39.8,27.76,50.15,6.53,1304.33,mango
22.4,36.3,20.3,24.38,70.34,6.21,700.0,mango
20.8,26.5,33.0,27.7,61.43,6.27,1399.14,mango
27.5,34.7,41.0,27.64,49.9,6.78,1129.89,mango
25.8,28.2,30.3,31.96,67.88,6.61,1274.45,mango
28.4,32.8,32.9,33.24,57.01,6.45,923.12,mango
21.0,30.6,29.2,31.79,49.22,6.34,1129.15,mango
14.1,29.4,35.5,30.5,58.37,6.57,1075.95,mango
25.1,33.5,39.6,26.63,56.11,6.03,1026.92,mango
33.6,35.4,27.2,26.9,62.98,5.94,940.43,mango
33.1,28.3,39.7,33.39,54.13,5.94,1039.25,mango
18.5,32.7,32.8,30.26,71.18,6.63,1207.63,mango
13.2,34.7,44.3,21.0,65.52,6.24,913.05,mango
29.8,42.3,38.7,27.7,52.45,6.36,1292.1,mango
22.7,30.3,50.0,32.78,69.2,5.72,944.42,mango
25.4,26.0,43.6,33.94,55.73,7.01,1099.06,mango
40.0,32.9,37.5,33.9,70.22,6.5,1068.95,mango
28.1,27.1,34.9,25.12,45.75,6.32,1377.7,mango
30.6,31.5,44.5,27.01,44.66,5.43,840.14,mango
29.9,28.2,36.8,34.76,51.2,6.49,1218.57,mango
19.8,40.1,32.3,27.66,76.89,6.51,1303.56,mango
33.1,28.1,41.5,27.24,55.64,6.19,963.15,mango
29.9,33.6,31.1,31.36,57.8,6.17,1110.71,mango
27.8,34.3,31.8,31.96,58.22,6.04,777.04,mango
30.9,32.1,35.3,32.66,56.18,5.75,1115.35,mango
26.8,30.4,42.8,21.0,68.96,6.62,1200.49,mango
12.0,39.7,27.8,27.22,58.64,6.46,1240.67,mango
30.4,36.9,35.5,30.46,51.27,6.0,1297.0,mango
30.0,36.3,30.9,32.19,50.71,6.73,1042.61,mango
35.1,22.9,44.6,27.73,56.96,6.38,946.64,mango
24.6,27.6,29.8,30.7,52.79,5.99,797.99,mango
22.0,39.9,28.9,26.44,61.55,6.15,1590.19,mango
24.0,34.0,39.7,32.24,61.87,6.24,1545.29,mango
24.4,29.3,30.1,22.96,66.57,5.36,1098.74,mango
23.8,45.4,23.0,25.85,58.91,6.22,979.1,mango
24.5,24.4,36.1,21.0,59.79,6.06,1323.58,mango
35.5,30.0,42.3,27.89,52.27,7.0,1214.57,mango
25.0,36.1,35.6,28.76,49.39,6.19,1237.12,mango
24.3,37.4,36.3,25.93,49.45,6.24,984.67,mango
27.0,27.7,30.3,32.69,61.19,6.02,1103.88,mango
33.3,33.8,37.6,26.37,68.21,7.23,925.88,mango
17.9,33.1,39.3,28.68,51.57,6.26,1231.58,mango
22.6,35.6,41.0,29.84,59.78,6.63,911.66,mango
19.3,30.4,31.0,26.19,74.64,7.17,1022.18,mango
25.6,30.9,40.6,33.57,45.78,6.49,812.5,mango
35.5,34.6,29.1,28.16,57.69,6.51,1329.22,mango
18.1,43.0,43.6,25.94,60.58,6.98,1371.24,mango
23.0,36.9,50.0,29.37,54.94,6.37,1154.24,mango
21.9,34.6,26.5,26.67,66.07,5.6,1298.7,mango
12.9,21.6,31.0,30.0,70.6,6.32,1045.76,mango
28.5,26.8,34.8,24.8,60.66,6.25,923.06,mango
26.0,33.0,41.1,23.38,59.39,6.0,1291.35,mango
29.5,35.0,29.8,32.1,47.76,5.61,819.31,mango
24.8,36.1,20.0,33.63,61.05,5.67,1122.21,mango
31.6,35.6,40.6,24.22,56.69,5.93,1477.87,mango
28.8,48.0,31.2,26.46,58.86,6.85,1019.45,mango
25.7,32.6,34.2,26.72,58.9,6.23,1098.34,mango
30.7,42.6,29.0,27.63,53.4,6.37,981.56,mango
26.4,38.6,20.0,30.72,56.32,6.48,902.78,mango
32.2,37.5,37.4,31.78,54.04,6.05,1265.54,mango
20.4,40.7,32.1,30.76,76.79,6.02,1115.13,mango
31.3,37.7,32.0,27.19,58.13,6.88,1038.6,mango
25.5,29.4,38.2,29.54,51.97,5.91,700.0,mango
20.0,36.8,41.9,31.4,64.44,6.25,1270.48,mango
26.7,150.0,197.2,29.37,60.99,6.89,450.0,grapes
30.6,130.7,194.4,18.07,53.96,6.61,510.61,grapes
16.2,136.9,205.0,24.76,63.21,6.57,672.93,grapes
19.5,116.4,212.8,28.53,42.86,6.66,666.99,grapes
23.4,127.9,201.1,27.27,57.22,6.55,659.56,grapes
30.6,136.6,198.6,23.86,56.76,6.41,786.8,grapes
18.5,127.9,202.9,19.47,41.42,6.63,459.46,grapes
17.2,139.6,196.4,29.14,44.36,6.56,731.95,grapes
18.0,142.3,202.1,17.56,53.7,6.75,603.29,grapes
16.1,134.8,215.0,22.45,66.55,6.3,708.02,grapes
29.6,131.9,195.6,26.9,69.13,6.72,612.91,grapes
23.9,150.0,199.1,21.62,44.84,5.87,727.27,grapes
28.9,128.0,197.9,19.32,55.06,6.79,610.43,grapes
35.1,123.6,200.3,27.39,53.38,6.52,494.25,grapes
33.1,130.3,202.3,26.69,48.97,6.52,853.48,grapes
18.3,150.0,192.0,19.28,55.06,7.48,450.0,grapes
24.2,136.8,198.3,25.53,48.26,6.36,660.71,grapes
18.2,131.6,194.9,22.12,56.56,5.87,650.22,grapes
38.9,121.1,208.3,24.22,49.18,6.07,698.16,grapes
33.7,128.1,197.4,28.04,56.73,5.97,692.86,grapes
34.1,131.6,180.0,25.55,52.41,5.87,461.7,grapes
30.9,124.7,190.7,23.86,48.85,6.64,653.65,grapes
17.8,126.9,201.5,24.17,53.34,7.37,775.03,grapes
30.1,130.3,199.8,22.28,60.22,6.56,708.91,grapes
26.0,131.8,215.0,21.33,48.59,6.88,602.63,grapes
23.3,121.1,201.9,26.02,51.48,6.89,450.0,grapes
20.8,130.3,188.6,17.01,51.54,6.88,846.67,grapes
21.7,139.3,203.1,28.87,51.2,5.88,689.12,grapes
18.9,124.8,195.6,22.64,55.13,6.88,632.19,grapes
27.4,132.1,205.5,23.25,53.37,6.45,658.91,grapes
20.3,123.2,204.2,19.67,51.45,7.01,634.15,grapes
30.0,126.1,189.6,17.62,64.5,6.15,777.13,grapes
19.0,145.2,215.0,17.25,45.32,6.91,746.7,grapes
29.7,126.3,213.9,24.47,44.26,6.5,523.54,grapes
34.5,125.4,201.9,22.12,49.08,5.84,757.76,grapes
32.8,122.8,185.6,27.21,40.83,7.09,562.43,grapes
18.4,134.5,189.7,21.17,56.83,5.8,893.51,grapes
25.3,119.1,189.9,27.97,58.81,7.15,591.24,grapes
26.8,136.3,203.6,28.51,48.26,6.55,600.68,grapes
24.7,139.0,184.8,28.44,44.89,6.48,841.71,grapes
27.0,135.4,188.6,19.82,61.53,6.36,615.66,grapes
30.8,121.5,200.2,24.17,53.98,6.39,604.62,grapes
18.5,136.8,192.7,27.87,52.2,6.18,649.08,grapes
22.5,142.1,195.0,22.9,65.29,6.8,896.15,grapes
32.6,123.1,205.9,30.1,66.26,7.0,805.78,grapes
23.2,123.6,195.2,17.34,64.74,6.49,847.87,grapes
17.6,142.8,194.0,18.86,67.02,7.04,707.53,grapes
25.2,136.4,199.6,20.83,50.7,7.38,980.0,grapes
34.4,136.8,195.3,20.81,48.14,6.38,959.65,grapes
35.8,139.5,190.3,27.57,52.09,5.8,717.32,grapes
19.9,123.9,196.0,22.01,53.73,6.57,450.0,grapes
34.1,122.2,190.4,22.69,53.13,7.18,715.03,grapes
28.4,134.7,199.9,25.24,38.54,6.5,831.09,grapes
40.0,120.0,201.4,21.72,70.38,6.06,761.24,grapes
16.6,128.8,197.7,28.28,45.38,6.87,682.44,grapes
26.6,141.6,187.7,27.24,49.45,7.04,723.49,grapes
23.7,126.1,204.6,29.04,49.74,6.15,770.25,grapes
16.3,118.9,189.5,22.34,43.31,5.82,532.39,grapes
28.9,119.3,195.3,31.79,53.61,6.74,557.01,grapes
38.0,126.6,196.2,29.27,52.55,6.62,643.38,grapes
23.4,135.7,202.4,21.43,47.87,6.36,497.84,grapes
15.5,135.0,205.5,27.48,35.0,6.5,536.73,grapes
25.9,127.8,202.7,23.92,38.83,6.21,680.75,grapes
25.5,117.9,185.7,24.22,42.77,5.93,622.13,grapes
22.1,123.2,192.4,24.06,48.24,6.63,630.54,grapes
26.0,140.8,204.7,29.15,60.71,6.7,623.65,grapes
22.7,123.2,198.0,26.79,48.19,6.59,591.94,grapes
26.3,126.5,192.1,21.28,58.03,6.56,624.31,grapes
26.6,127.9,207.0,20.1,52.5,6.04,634.91,grapes
14.9,139.5,204.1,27.14,54.23,6.25,575.96,grapes
34.2,146.4,199.0,21.94,64.95,6.32,709.75,grapes
33.1,123.6,204.6,26.08,53.68,6.2,585.82,grapes
26.7,117.8,199.0,26.16,61.88,6.04,851.11,grapes
35.2,136.1,189.7,22.69,53.62,6.71,682.86,grapes
26.7,131.1,200.1,22.16,51.29,6.37,929.24,grapes
33.8,137.6,208.6,27.19,55.45,6.0,645.92,grapes
23.0,120.7,186.1,25.97,56.6,6.13,583.04,grapes
32.0,123.2,199.4,23.24,58.05,6.26,691.71,grapes
26.0,134.3,198.6,25.38,71.53,7.6,596.9,grapes
12.0,138.0,199.5,28.24,56.28,6.62,826.76,grapes
32.6,118.1,191.5,23.58,54.79,6.51,736.45,grapes
31.0,149.2,202.6,20.59,52.82,6.57,746.9,grapes
27.3,150.0,194.3,25.54,72.0,6.37,698.87,grapes
19.3,132.8,191.8,28.19,55.18,6.23,789.27,grapes
26.1,141.5,188.8,25.48,60.19,6.43,516.33,grapes
24.8,144.3,207.0,22.29,43.74,6.43,619.1,grapes
27.7,130.9,192.0,28.42,55.12,6.77,455.75,grapes
12.0,117.6,194.2,26.31,35.26,7.24,702.17,grapes
33.2,123.1,202.0,24.34,60.54,6.51,741.52,grapes
31.6,125.5,199.9,16.45,59.62,7.38,518.22,grapes
24.5,140.8,198.3,24.66,50.87,6.43,668.73,grapes
25.3,120.2,197.5,30.27,50.65,6.11,660.32,grapes
20.7,118.6,199.1,21.16,49.0,6.66,480.69,grapes
14.6,138.7,182.6,20.09,39.6,6.41,735.65,grapes
25.7,150.0,206.7,20.28,44.42,7.6,818.13,grapes
28.5,132.7,200.2,18.07,55.26,6.63,562.46,grapes
21.8,147.2,197.0,32.28,40.07,6.39,478.85,grapes
17.7,123.7,200.5,25.07,48.57,5.8,872.1,grapes
23.3,120.8,200.2,24.82,51.42,6.66,529.85,grapes
29.6,122.0,193.2,26.6,63.63,7.23,817.25,grapes
23.1,116.6,209.2,29.48,48.62,6.97,636.82,grapes
34.0,126.9,213.8,27.14,68.38,6.41,732.65,grapes
19.2,140.4,205.2,33.59,57.86,6.89,618.79,grapes
28.2,128.2,198.9,24.7,51.18,6.63,631.21,grapes
22.7,142.8,199.4,25.39,42.34,6.77,748.96,grapes
22.6,150.0,180.0,27.14,59.7,6.82,702.91,grapes
28.3,140.7,192.2,25.2,52.53,6.16,773.23,grapes
21.6,117.0,193.7,20.8,62.23,6.66,859.71,grapes
21.0,140.7,215.0,25.42,60.89,6.88,495.13,grapes
28.5,135.1,195.9,20.46,59.55,6.21,957.37,grapes
25.7,119.8,193.9,22.89,72.0,6.25,664.89,grapes
21.8,137.0,193.8,19.44,52.44,6.48,603.01,grapes
21.8,143.8,195.4,19.46,50.3,6.62,506.28,grapes
34.8,140.7,209.4,25.57,37.25,7.21,567.74,grapes
20.3,133.6,209.0,28.21,61.25,6.48,637.41,grapes
27.1,130.7,205.1,27.32,58.73,5.8,696.64,grapes
24.3,133.7,192.0,18.7,57.71,6.46,754.71,grapes
21.0,146.2,206.0,25.19,52.29,6.94,731.03,grapes
26.4,142.4,209.4,18.99,45.6,6.29,484.68,grapes
24.6,138.0,197.8,21.86,63.01,6.66,724.59,grapes
32.9,132.8,212.5,14.16,75.99,5.81,1153.5,apple
22.1,145.2,192.2,16.37,57.45,6.57,918.85,apple
36.1,124.0,185.2,18.35,57.86,6.2,985.55,apple
18.1,133.2,206.1,18.51,63.62,6.64,838.1,apple
24.0,138.0,195.0,14.76,53.6,5.4,1213.57,apple
27.5,143.0,192.5,13.36,62.05,6.54,1003.71,apple
30.8,123.9,194.7,15.29,70.58,6.28,1399.22,apple
17.9,135.3,197.4,17.36,56.31,6.87,1052.59,apple
19.5,133.8,193.5,23.0,69.35,6.22,1027.62,apple
31.7,144.0,180.0,17.43,62.2,5.68,1226.04,apple
39.5,139.6,204.8,20.91,56.19,5.46,1181.37,apple
24.5,120.3,195.4,17.68,60.96,5.89,1005.3,apple
25.9,114.7,194.9,11.47,66.61,5.58,1252.54,apple
23.5,128.6,198.4,12.9,63.95,5.91,938.65,apple
28.4,122.6,185.9,16.24,61.81,6.27,1115.53,apple
26.3,140.1,196.8,9.48,49.76,6.97,1050.01,apple
31.7,130.5,195.5,14.14,78.0,6.3,943.03,apple
16.1,150.0,194.7,17.73,67.99,6.01,1184.49,apple
22.4,124.1,205.3,15.03,65.63,6.36,1177.59,apple
16.7,128.1,193.4,13.01,65.0,6.67,1319.04,apple
24.0,136.9,199.6,17.36,55.85,6.93,1235.3,apple
31.7,146.0,200.3,12.42,61.03,5.54,1133.01,apple
25.0,133.6,205.6,14.13,60.24,6.21,700.0,apple
24.4,110.0,191.3,18.07,65.13,5.96,1058.16,apple
19.6,134.0,215.0,21.04,62.37,6.26,854.09,apple
21.2,137.6,191.8,18.21,72.99,6.33,1070.35,apple
15.9,141.5,186.9,14.25,68.72,6.61,956.7,apple
23.5,127.0,186.4,13.6,50.71,6.47,1128.9,apple
29.4,124.5,186.4,15.66,62.45,6.14,992.1,apple
36.3,138.3,211.8,19.31,73.92,5.77,1168.63,apple
23.4,117.4,208.0,14.62,54.61,6.03,890.76,apple
21.8,131.8,209.8,13.5,73.61,6.54,1129.25,apple
30.5,134.1,206.3,17.2,50.35,6.32,1206.79,apple
24.3,135.3,191.1,11.37,51.15,5.59,1183.81,apple
12.0,127.3,189.9,14.65,49.0,6.36,795.37,apple
32.8,127.8,195.2,15.51,63.71,6.21,964.58,apple
28.1,138.7,189.9,16.78,70.34,6.48,1236.48,apple
27.0,124.6,189.5,16.46,68.6,7.0,1246.36,apple
19.0,126.3,214.2,14.86,62.33,5.82,1363.02,apple
29.0,126.3,188.0,16.42,62.31,6.53,1159.39,apple
24.4,128.6,194.7,13.85,61.09,6.21,870.41,apple
29.8,130.3,189.3,14.45,63.7,6.23,1134.42,apple
31.4,147.0,198.3,12.29,60.12,5.8,1389.37,apple
37.9,140.5,202.9,16.25,64.56,5.56,1035.21,apple
20.7,136.8,195.5,21.34,68.42,6.31,996.61,apple
36.1,133.7,198.7,15.63,59.17,6.21,700.0,apple
16.7,137.5,208.5,16.54,56.96,5.62,1206.91,apple
22.6,140.4,199.1,16.93,62.24,6.35,1026.11,apple
22.2,124.4,180.0,14.96,72.64,6.49,1095.54,apple
21.6,144.0,195.0,20.22,55.13,5.9,880.55,apple
17.1,124.6,196.8,13.36,45.0,6.63,713.18,apple
29.5,134.3,212.9,18.49,58.47,5.92,1350.55,apple
17.1,135.9,195.0,14.47,64.47,6.28,1141.48,apple
26.8,138.2,196.7,13.52,62.03,5.91,893.92,apple
24.0,132.8,196.3,18.25,58.51,6.28,1073.61,apple
22.3,134.7,204.0,16.06,63.59,5.92,1443.77,apple
22.1,117.3,202.9,15.16,59.88,5.98,1424.34,apple
28.1,139.5,197.3,16.31,71.79,6.1,758.61,apple
31.2,139.0,196.9,16.91,59.4,6.21,1023.66,apple
22.5,145.9,184.7,22.58,68.14,5.49,1005.17,apple
25.0,137.9,188.1,15.6,61.15,5.9,874.65,apple
31.5,117.0,199.8,17.89,60.47,6.22,1282.7,apple
21.8,128.0,192.0,19.0,71.05,5.64,1251.25,apple
30.9,149.5,199.1,15.37,70.02,6.48,1498.98,apple
31.8,135.5,186.6,13.76,51.95,6.11,1235.21,apple
26.0,144.2,198.7,14.29,62.61,6.39,1077.84,apple
26.9,126.3,192.5,22.28,70.6,5.61,700.0,apple
26.5,142.9,191.8,18.56,62.42,6.13,1201.22,apple
22.8,131.1,201.4,15.41,75.36,6.48,1175.76,apple
25.7,142.7,193.4,16.35,55.59,6.62,1108.12,apple
37.9,150.0,202.1,15.71,55.38,6.56,1092.06,apple
29.2,150.0,189.4,12.73,60.35,6.53,1160.97,apple
20.6,141.6,186.4,12.99,61.19,5.98,1227.97,apple
27.7,150.0,194.0,15.13,70.47,6.16,1348.8,apple
29.2,110.5,205.4,18.24,68.66,5.44,917.4,apple
22.5,125.6,209.9,15.46,61.74,6.42,1163.86,apple
12.0,127.5,184.7,16.7,59.98,6.21,700.0,apple
24.1,145.2,207.3,17.66,52.65,6.7,1194.8,apple
25.3,113.7,203.6,13.72,64.42,6.23,1357.68,apple
25.2,133.8,208.6,13.53,67.7,6.12,849.49,apple
26.0,140.9,206.8,19.92,59.94,5.81,986.25,apple
18.9,131.8,193.3,17.68,46.56,5.91,904.9,apple
33.1,122.9,197.8,15.12,69.3,6.44,1074.25,apple
22.7,115.5,198.0,17.09,50.98,5.71,1100.47,apple
28.0,124.1,191.4,9.99,71.64,5.68,1158.45,apple
25.8,146.9,189.7,15.68,50.11,5.42,1169.27,apple
15.3,131.7,204.1,17.74,57.35,5.56,1151.9,apple
34.1,127.4,189.6,13.93,66.0,6.69,802.08,apple
17.0,150.0,194.6,16.26,57.16,6.4,1242.01,apple
27.8,150.0,193.4,14.71,63.62,6.39,1095.59,apple
18.3,137.1,193.0,13.76,62.23,5.82,822.92,apple
12.0,150.0,200.4,15.15,57.33,5.4,904.29,apple
30.3,143.4,201.1,15.98,71.13,6.07,1267.04,apple
23.7,125.2,188.0,12.31,66.61,5.9,843.39,apple
30.3,137.3,203.7,17.04,56.73,6.23,1075.03,apple
20.5,123.0,190.6,21.61,59.11,6.69,956.27,apple
31.3,143.0,203.6,16.66,71.64,6.35,1392.71,apple
16.3,137.5,198.3,12.69,66.06,5.6,919.16,apple
14.0,149.6,194.1,22.0,67.62,6.38,932.75,apple
19.7,139.2,195.4,11.48,51.38,5.82,1414.19,apple
39.3,136.0,197.2,14.49,55.46,6.75,1424.72,apple
20.6,133.2,192.4,14.24,70.3,5.68,1143.29,apple
30.4,132.6,203.1,15.94,70.52,5.59,980.24,apple
25.6,110.0,187.3,13.06,68.64,5.92,886.38,apple
30.9,117.8,180.0,14.42,51.87,5.64,1164.69,apple
31.3,141.9,204.9,19.22,47.1,6.38,944.08,apple
21.5,139.6,182.2,10.25,66.44,6.4,1077.35,apple
20.7,141.4,201.4,15.76,53.76,6.03,1217.57,apple
34.0,130.7,194.0,15.01,63.92,5.97,700.0,apple
33.2,150.0,191.1,12.3,61.04,6.12,1249.1,apple
26.3,126.1,185.5,18.1,66.2,6.62,856.36,apple
37.0,116.6,201.7,9.77,56.47,6.82,1216.27,apple
22.7,128.8,196.8,17.04,70.76,6.02,727.64,apple
26.9,129.4,185.6,16.39,60.51,6.32,871.11,apple
28.9,120.8,189.4,14.77,74.19,6.51,1265.44,apple
34.5,150.0,196.3,19.76,69.09,6.6,1404.85,apple
23.5,129.0,198.6,14.95,64.23,6.83,954.37,apple
24.2,135.7,194.2,9.76,57.94,6.47,1337.51,apple
19.1,122.4,196.2,9.27,58.89,5.51,1323.81,apple
21.4,150.0,204.9,13.56,54.5,6.12,1029.07,apple
26.1,16.1,17.0,26.06,55.28,6.52,816.72,orange
19.1,20.3,14.3,26.05,72.13,6.75,1030.83,orange
25.4,18.8,13.5,24.76,60.24,6.42,586.24,orange
27.9,24.5,17.0,25.62,64.14,7.09,991.77,orange
18.8,14.5,12.4,24.93,56.06,6.05,1159.9,orange
22.4,20.9,19.0,15.62,53.91,6.65,789.46,orange
23.0,27.2,16.7,28.83,58.38,6.24,550.0,orange
14.8,21.8,14.1,24.16,55.05,7.6,701.88,orange
29.6,20.0,13.8,29.71,69.7,6.7,993.86,orange
26.2,20.0,14.8,22.25,55.55,6.57,1012.25,orange
23.4,13.5,11.1,15.0,54.04,6.82,825.5,orange
35.9,22.9,16.1,18.43,55.08,6.61,708.51,orange
19.2,11.0,8.9,28.5,56.86,6.6,849.03,orange
31.0,20.0,16.2,21.61,53.05,6.94,1190.68,orange
32.6,22.9,14.6,30.6,64.36,5.88,660.29,orange
26.0,11.1,10.4,22.2,55.95,6.69,797.96,orange
29.0,18.7,12.5,19.6,66.19,6.53,654.33,orange
25.3,16.2,11.9,26.03,55.39,7.72,836.53,orange
27.7,10.3,10.6,20.65,50.36,6.97,1036.4,orange
26.1,18.9,11.5,29.45,74.57,6.85,1019.09,orange
26.1,23.8,9.3,23.05,61.16,7.28,702.74,orange
12.0,17.5,18.0,18.66,48.58,6.86,829.13,orange
27.6,13.9,12.7,29.78,48.46,7.39,657.86,orange
29.1,18.1,9.4,23.01,62.36,6.8,1051.32,orange
32.6,14.1,9.0,19.78,50.81,7.24,950.87,orange
20.7,19.9,19.6,32.63,60.08,5.8,903.51,orange
29.6,21.1,16.9,26.43,48.12,6.45,792.19,orange
30.4,16.2,15.8,26.21,70.69,6.78,550.0,orange
27.9,30.7,16.8,21.85,49.34,6.42,1210.6,orange
22.0,16.7,13.4,23.73,70.54,6.39,1062.52,orange
24.7,26.0,20.3,25.34,55.48,6.83,832.94,orange
14.1,27.8,15.0,20.35,41.46,5.87,988.69,orange
20.3,17.7,16.0,22.94,62.37,6.84,834.86,orange
14.6,15.9,16.4,22.27,67.64,7.74,968.15,orange
33.0,23.6,11.9,25.8,74.11,6.59,662.92,orange
17.2,18.9,10.0,31.7,59.73,7.19,796.24,orange
17.2,13.5,10.4,26.39,62.16,7.04,582.04,orange
24.0,14.9,15.6,26.92,48.62,7.19,1270.99,orange
29.0,19.2,12.7,24.16,51.91,6.9,645.08,orange
12.7,21.1,14.1,22.72,47.74,6.92,671.77,orange
23.2,28.8,16.6,19.52,47.8,6.86,602.44,orange
12.0,22.7,15.3,26.8,60.1,6.77,730.81,orange
27.1,27.6,12.0,20.92,48.92,6.45,886.47,orange
12.0,22.2,16.6,17.81,50.17,6.83,824.18,orange
27.1,19.3,19.1,23.72,50.14,6.37,982.38,orange
24.2,23.2,16.5,16.92,48.88,6.39,703.11,orange
21.5,25.0,18.8,23.83,55.99,6.52,866.05,orange
25.2,24.0,17.2,15.79,56.78,7.35,771.14,orange
30.8,18.5,14.7,20.45,49.21,7.09,1008.73,orange
24.2,13.9,14.2,30.03,71.94,6.67,551.22,orange
29.0,18.6,17.8,26.12,50.93,6.82,1085.5,orange
23.1,14.8,7.6,21.91,54.72,7.13,648.25,orange
33.3,13.3,23.3,31.9,59.13,6.14,840.02,orange
21.7,13.6,15.2,21.71,52.28,6.72,746.52,orange
36.5,17.3,15.8,25.58,60.82,6.97,1008.65,orange
25.6,21.1,14.2,24.45,50.71,6.78,893.43,orange
26.4,20.9,13.1,24.77,53.57,6.93,810.2,orange
25.1,25.0,11.2,27.39,58.27,7.61,811.07,orange
28.2,20.1,8.4,22.92,65.04,6.63,550.0,orange
23.8,14.5,14.5,31.2,64.16,7.41,748.93,orange
23.1,14.8,11.3,21.29,47.55,7.35,550.0,orange
32.2,26.2,16.0,20.54,45.34,6.58,962.52,orange
24.0,14.8,18.6,31.74,56.19,6.84,578.41,orange
21.5,22.6,15.4,22.97,55.81,6.62,799.88,orange
26.5,10.2,13.7,26.4,53.44,6.61,768.93,orange
21.1,20.0,14.5,16.6,63.22,6.68,1197.93,orange
16.9,15.7,13.2,26.65,42.39,6.47,956.44,orange
18.3,26.9,12.2,21.4,62.88,7.44,924.95,orange
31.6,28.4,10.3,28.75,45.81,6.97,837.16,orange
31.5,25.9,16.3,26.19,62.07,6.82,838.98,orange
32.7,27.8,13.4,25.95,58.65,6.16,789.44,orange
33.6,16.3,22.5,29.69,61.21,7.02,684.9,orange
22.4,27.2,11.5,29.24,46.98,6.32,1192.25,orange
23.9,17.3,19.5,29.98,65.37,6.57,798.35,orange
25.9,23.5,12.0,25.68,60.14,7.31,985.8,orange
15.0,18.9,10.3,27.27,65.39,6.84,801.74,orange
24.4,21.0,11.4,20.13,41.6,7.31,939.35,orange
26.2,26.3,9.0,18.06,61.07,6.92,550.0,orange
26.2,18.0,10.8,23.67,40.0,6.56,723.23,orange
27.3,19.2,16.6,15.0,51.29,7.02,794.4,orange
29.1,11.0,16.9,22.44,52.11,7.2,1059.14,orange
30.2,30.2,19.1,21.82,59.13,6.66,1215.24,orange
30.6,19.1,17.5,20.07,60.0,6.42,550.0,orange
28.7,24.5,15.8,24.27,47.87,6.34,675.53,orange
22.6,25.4,18.2,18.41,52.45,6.51,550.0,orange
27.4,18.8,13.5,30.38,58.71,6.63,952.97,orange
30.4,21.5,16.8,24.42,57.35,6.85,714.44,orange
20.6,26.9,22.0,31.37,47.41,6.23,635.67,orange
24.8,10.0,11.6,30.63,65.86,6.6,772.0,orange
27.4,24.7,11.9,24.06,53.47,6.27,810.45,orange
22.2,13.7,16.6,26.93,63.57,6.49,550.0,orange
26.8,16.7,10.4,19.97,55.8,7.43,759.02,orange
17.5,23.3,14.7,16.52,63.3,7.65,550.0,orange
16.6,10.0,13.7,28.96,58.84,7.36,999.5,orange
34.2,25.8,12.4,25.27,51.05,6.71,861.13,orange
23.5,26.7,12.7,21.27,51.04,7.06,597.44,orange
22.8,26.6,15.2,24.7,57.71,6.39,695.72,orange
22.8,21.4,17.8,25.37,68.82,7.44,993.15,orange
31.3,15.0,9.4,27.07,47.27,6.68,988.81,orange
32.5,18.7,11.4,26.28,49.41,6.73,848.56,orange
23.8,20.4,10.7,22.09,52.02,6.15,911.53,orange
29.4,24.0,13.0,21.76,63.95,7.06,889.14,orange
34.5,19.9,13.0,23.4,45.51,7.06,831.01,orange
27.1,29.2,12.4,15.65,61.85,6.87,718.16,orange
26.4,23.9,10.2,23.79,69.81,6.51,862.0,orange
12.0,12.6,14.6,29.91,47.1,6.83,782.37,orange
29.7,13.9,15.7,22.39,59.78,6.83,804.68,orange
26.9,20.2,13.5,23.57,58.62,6.89,671.95,orange
21.9,14.7,13.8,22.63,64.17,7.07,683.91,orange
24.0,23.2,13.3,22.09,49.26,7.14,1012.49,orange
22.8,23.8,6.0,30.31,56.74,6.86,792.31,orange
32.4,14.7,19.9,26.59,62.98,6.67,614.52,orange
29.6,21.6,19.4,24.22,54.65,7.36,1194.14,orange
24.1,16.2,17.2,23.98,62.79,6.7,1131.52,orange
19.8,22.4,12.0,23.87,54.7,7.1,1015.31,orange
27.3,19.5,14.6,28.59,65.43,5.8,801.0,orange
22.7,23.3,13.7,27.88,49.37,6.9,1012.04,orange
15.2,32.0,18.8,25.01,51.37,6.73,865.08,orange
26.6,27.5,12.1,27.25,47.66,6.63,917.81,orange
28.1,16.2,12.2,30.84,67.3,6.88,550.0,orange
78.0,61.8,52.5,26.93,76.63,6.85,1587.66,papaya
45.7,59.5,71.2,29.17,72.79,6.32,1476.48,papaya
65.3,69.0,52.9,29.58,85.7,7.13,1153.96,papaya
32.0,64.4,61.4,25.23,73.94,6.59,1376.07,papaya
49.6,72.3,56.2,25.86,80.42,6.19,1671.12,papaya
64.9,73.1,53.7,27.01,74.59,6.67,1186.82,papaya
49.5,59.1,45.6,30.53,73.63,6.58,1072.41,papaya
43.4,77.5,50.0,30.33,75.14,5.8,1798.11,papaya
61.8,55.9,54.8,25.05,86.78,6.34,1219.23,papaya
47.7,62.6,66.0,33.87,71.21,6.85,1370.48,papaya
45.2,80.0,65.9,29.07,85.07,7.18,1370.47,papaya
58.3,74.1,47.4,33.52,72.42,7.31,1348.69,papaya
58.4,61.7,50.7,27.69,83.65,5.8,1040.26,papaya
47.7,53.4,67.1,32.27,78.14,6.44,1683.76,papaya
39.1,79.1,49.5,27.71,70.99,6.27,1831.28,papaya
62.9,71.7,45.2,29.04,77.65,6.81,1059.91,papaya
65.8,63.0,47.4,22.93,78.25,7.6,1096.19,papaya
56.7,70.9,44.8,27.06,67.98,7.09,1681.38,papaya
56.6,55.3,51.5,26.61,67.16,6.66,1493.71,papaya
59.9,61.9,55.5,28.26,64.92,6.76,1204.09,papaya
41.5,65.0,50.1,29.18,79.93,6.32,1373.03,papaya
36.9,74.3,44.1,26.96,83.37,6.61,1050.65,papaya
62.1,67.5,49.9,26.93,70.95,6.62,900.0,papaya
53.2,76.3,47.8,26.75,65.71,6.94,1650.8,papaya
66.8,52.0,59.0,32.8,77.57,6.89,1232.09,papaya
57.2,71.9,57.6,24.76,70.81,7.18,1431.19,papaya
56.2,57.6,64.5,33.49,82.84,7.28,1260.32,papaya
50.0,60.7,55.3,32.79,82.16,6.92,992.2,papaya
38.1,63.9,62.0,28.26,87.4,6.27,1047.91,papaya
48.4,56.4,59.2,27.23,63.17,7.06,910.01,papaya
44.3,49.0,56.7,29.06,87.42,7.07,1710.41,papaya
57.9,54.2,56.0,30.28,78.93,6.51,1472.2,papaya
45.7,53.7,46.1,28.57,65.76,6.53,1575.73,papaya
44.7,58.0,55.6,29.24,70.5,7.01,1497.61,papaya
66.4,61.3,50.9,26.45,76.15,6.55,1207.71,papaya
50.5,56.5,56.6,24.26,76.12,6.97,1204.78,papaya
74.2,62.1,42.5,27.66,74.44,6.88,1285.64,papaya
44.9,53.2,49.8,26.83,66.06,6.41,1514.86,papaya
71.5,68.0,65.4,31.42,79.83,6.56,1385.23,papaya
50.8,60.2,55.5,30.64,76.96,6.64,1363.88,papaya
59.3,67.3,42.8,25.27,81.75,6.68,1243.98,papaya
52.4,59.9,59.5,25.18,74.17,6.8,1449.07,papaya
57.2,66.1,50.4,25.67,88.0,6.58,1303.89,papaya
61.8,74.8,50.6,25.5,65.3,7.34,1090.47,papaya
54.7,54.2,43.4,27.62,67.44,6.42,1851.53,papaya
59.2,69.5,61.6,28.2,70.92,6.8,1392.11,papaya
49.3,63.0,49.3,27.99,71.65,6.19,900.0,papaya
45.6,76.4,52.5,30.83,59.13,6.3,1011.38,papaya
53.0,80.0,58.7,33.59,72.22,7.25,1868.31,papaya
53.9,57.7,44.5,27.57,74.57,7.51,1026.26,papaya
55.6,47.5,51.6,29.43,77.59,6.94,1449.35,papaya
60.8,62.4,46.6,22.95,70.17,6.65,1663.48,papaya
54.0,60.4,58.1,27.69,79.67,7.49,1897.7,papaya
56.0,64.7,67.6,28.05,78.75,6.25,1272.29,papaya
66.6,56.3,54.0,23.78,88.0,7.21,1397.02,papaya
60.1,65.2,66.1,26.94,79.13,7.13,1653.83,papaya
32.4,57.2,46.8,28.95,59.89,5.88,1892.52,papaya
61.2,63.0,57.9,28.94,80.98,6.45,1396.65,papaya
57.3,53.6,65.2,27.16,81.12,6.75,1758.4,papaya
44.6,53.3,47.8,28.9,84.79,7.34,900.0,papaya
57.5,42.0,61.4,31.85,73.72,6.73,1368.41,papaya
47.2,65.5,53.1,31.29,73.2,6.36,966.03,papaya
36.4,72.5,51.3,29.52,86.48,6.47,1193.13,papaya
53.7,62.2,70.1,33.2,78.35,7.28,1305.45,papaya
58.0,59.6,44.7,32.11,77.72,6.71,1349.38,papaya
39.9,54.2,57.7,26.91,72.48,6.66,1179.38,papaya
45.3,49.1,53.8,30.36,62.49,6.69,1420.29,papaya
45.1,73.4,51.9,28.2,72.87,5.99,1602.19,papaya
45.4,60.1,59.8,32.88,66.44,6.52,1695.6,papaya
59.6,67.4,46.6,27.36,72.83,6.36,931.36,papaya
49.9,72.8,55.5,32.62,75.25,6.39,1669.4,papaya
57.1,69.7,46.5,31.62,81.48,6.82,1148.27,papaya
54.5,66.9,56.9,30.3,81.09,6.44,1061.23,papaya
54.6,59.4,61.3,25.28,81.14,7.24,1350.08,papaya
55.6,55.9,50.7,27.27,84.1,6.67,1019.46,papaya
57.6,68.6,54.8,32.91,79.44,6.28,1212.14,papaya
57.3,48.7,57.7,23.22,81.16,7.06,1476.2,papaya
48.2,63.4,50.9,25.41,71.63,6.98,1360.95,papaya
69.5,68.1,60.3,23.67,72.0,6.27,1304.25,papaya
48.1,59.0,63.5,29.93,81.05,6.06,1364.49,papaya
64.7,74.1,42.6,27.45,81.24,6.62,1122.4,papaya
39.5,54.4,41.5,28.68,80.27,6.2,1414.43,papaya
63.5,62.0,42.1,29.66,73.62,6.64,1213.29,papaya
55.9,66.1,74.1,28.84,84.58,6.84,1325.12,papaya
56.5,52.2,57.4,22.52,67.96,6.74,1648.5,papaya
69.3,60.1,56.2,31.45,64.69,6.86,1143.03,papaya
53.3,58.3,58.5,30.15,80.24,6.84,1392.91,papaya
73.5,49.8,68.6,27.63,78.0,6.57,1174.36,papaya
59.8,70.3,58.8,26.87,88.0,7.18,1583.34,papaya
51.5,57.0,52.8,31.74,67.07,6.27,1484.89,papaya
58.2,55.8,46.3,32.81,76.5,6.15,1026.59,papaya
51.4,67.9,59.8,31.9,63.57,6.79,1706.48,papaya
68.3,64.9,73.8,30.33,81.3,6.72,1154.76,papaya
46.2,63.5,53.3,23.19,66.82,6.57,1531.82,papaya
54.8,61.4,47.1,28.57,83.23,6.76,973.17,papaya
42.5,66.7,53.2,28.28,69.71,6.9,1274.77,papaya
53.1,55.2,62.4,27.84,78.26,6.22,1783.47,papaya
67.8,46.7,48.6,29.93,64.76,6.65,1456.66,papaya
53.2,66.3,49.5,21.77,80.87,7.09,1950.0,papaya
32.9,68.0,39.3,33.77,77.42,6.32,1545.06,papaya
49.5,64.4,56.6,33.73,86.7,6.46,1614.53,papaya
58.5,50.7,49.4,35.51,76.5,7.1,1296.99,papaya
49.6,62.2,52.9,24.02,66.98,6.98,1254.83,papaya
55.3,63.9,57.5,31.94,66.31,6.93,1538.76,papaya
64.9,50.7,57.0,33.65,73.31,6.89,1545.1,papaya
44.7,76.7,59.0,30.06,62.37,7.02,1476.6,papaya
71.2,59.5,47.1,26.45,70.47,6.25,1672.54,papaya
68.3,60.4,51.9,23.05,78.87,7.36,1190.7,papaya
53.8,65.5,68.8,29.1,75.37,6.77,993.74,papaya
40.5,55.5,63.1,27.49,70.29,6.48,1315.59,papaya
72.0,60.8,48.7,28.58,86.29,6.5,1054.75,papaya
50.0,63.0,60.5,31.52,66.68,6.32,1269.18,papaya
61.8,51.9,50.1,26.72,80.59,6.91,1575.93,papaya
68.4,59.6,45.5,24.96,61.13,6.52,1253.94,papaya
62.9,62.1,51.1,28.15,66.73,7.11,1153.52,papaya
43.6,68.5,59.6,23.33,79.99,6.4,1256.47,papaya
56.9,66.7,58.6,28.35,71.03,6.86,1320.4,papaya
73.1,66.7,47.6,27.07,74.34,7.22,1702.78,papaya
51.0,54.5,46.5,29.26,88.0,6.92,951.52,papaya
47.7,57.0,48.4,27.34,76.59,6.97,1622.94,papaya
28.1,10.2,28.7,27.1,82.74,6.83,1762.96,coconut
25.3,19.0,33.5,27.72,87.63,6.36,1740.94,coconut
24.8,23.2,28.4,31.94,76.12,6.07,1973.42,coconut
31.2,12.4,28.4,28.19,92.0,7.02,1675.57,coconut
12.0,18.3,37.2,26.54,77.75,6.48,1467.32,coconut
36.2,24.1,38.9,27.72,78.7,6.39,2241.79,coconut
30.2,18.8,40.5,28.86,83.98,6.89,1905.11,coconut
30.2,18.6,33.5,26.13,78.66,5.6,1476.42,coconut
19.4,16.0,44.4,27.11,83.21,6.54,2226.27,coconut
21.5,17.1,34.4,30.34,88.72,6.64,2119.87,coconut
26.1,17.3,42.1,28.72,78.32,6.9,1687.45,coconut
23.0,21.6,34.5,28.47,85.31,6.01,1865.46,coconut
33.1,14.2,37.7,25.43,87.11,6.91,1643.7,coconut
38.3,22.4,39.2,29.13,86.92,5.9,1808.38,coconut
27.3,16.4,37.8,30.58,79.89,6.37,1503.82,coconut
14.3,21.1,34.8,27.62,77.07,6.31,2078.98,coconut
25.0,18.1,36.2,24.41,85.12,5.77,1468.12,coconut
18.7,17.3,32.9,27.5,77.47,6.9,2000.21,coconut
24.0,16.1,31.5,26.72,75.0,5.92,2008.04,coconut
26.8,24.5,33.2,26.6,79.96,6.24,1552.01,coconut
26.6,18.1,31.9,30.63,91.48,6.98,1917.44,coconut
29.6,25.4,39.6,26.04,83.96,6.71,1451.58,coconut
23.3,22.4,24.1,24.37,81.12,6.58,1342.71,coconut
24.2,22.6,35.4,29.85,79.04,6.0,2004.66,coconut
27.2,13.3,30.2,31.41,77.38,6.87,1606.54,coconut
25.0,19.2,22.4,23.84,82.43,6.04,2048.97,coconut
15.4,20.3,26.7,26.62,76.68,7.35,1348.15,coconut
24.3,11.1,44.6,28.5,82.68,7.14,1794.23,coconut
26.3,18.5,38.4,26.27,80.93,6.81,1833.21,coconut
24.3,12.4,44.0,25.85,86.94,6.49,1361.96,coconut
32.5,19.0,43.0,27.04,85.52,5.52,1599.94,coconut
17.4,16.5,37.8,25.99,86.32,5.97,2015.57,coconut
32.9,22.1,32.9,22.19,84.91,6.34,1456.48,coconut
21.7,23.7,28.2,28.67,83.09,6.22,1943.36,coconut
34.8,16.8,33.5,29.06,86.59,6.34,1658.39,coconut
12.0,14.9,28.2,29.21,80.78,6.26,1747.28,coconut
19.8,24.2,42.8,31.55,85.42,6.39,2234.42,coconut
20.9,14.5,31.4,28.81,78.19,6.32,1269.44,coconut
27.9,11.9,29.4,30.54,87.9,6.59,1832.7,coconut
21.8,14.9,32.8,23.72,83.26,6.42,1469.97,coconut
34.4,20.4,39.2,26.28,81.99,6.71,1795.83,coconut
34.6,17.2,32.0,29.09,75.68,6.86,1359.79,coconut
28.8,15.4,37.9,29.77,82.77,5.8,1480.97,coconut
20.6,10.4,41.8,27.78,76.32,7.13,1539.6,coconut
26.5,14.7,22.9,24.09,79.76,6.85,1853.96,coconut
25.8,10.0,42.6,28.06,81.4,6.97,2124.25,coconut
31.9,17.0,29.0,29.97,75.17,7.37,1758.4,coconut
18.6,13.1,27.3,27.85,81.97,5.78,1643.06,coconut
16.8,20.4,34.7,26.55,75.56,6.25,1625.58,coconut
26.9,18.7,39.8,26.29,72.7,6.9,1469.19,coconut
18.4,17.8,36.8,26.17,79.31,6.2,2174.96,coconut
25.0,14.1,29.3,26.87,83.19,6.64,1787.25,coconut
19.9,16.3,39.4,24.63,79.67,6.7,2012.58,coconut
23.8,16.4,27.1,28.81,88.59,7.6,1865.93,coconut
24.7,14.3,23.7,27.94,92.0,7.04,2084.97,coconut
26.5,19.4,22.0,29.41,79.1,6.05,1653.02,coconut
22.9,15.1,35.1,26.1,82.5,5.66,1685.78,coconut
18.4,15.4,35.9,23.49,77.89,6.68,1326.05,coconut
35.7,22.8,32.0,25.53,83.01,5.68,1200.0,coconut
22.2,17.5,35.6,25.96,88.37,5.65,1408.52,coconut
27.9,13.4,27.8,27.81,76.73,6.33,1540.04,coconut
19.8,10.0,35.8,24.38,81.16,6.14,1688.05,coconut
24.1,18.8,30.6,30.61,72.76,6.29,2000.87,coconut
27.9,14.1,30.2,24.98,85.0,6.03,1826.54,coconut
26.6,27.5,36.9,25.47,74.7,6.26,1714.27,coconut
12.0,15.1,36.8,26.17,86.84,5.62,1953.06,coconut
30.5,21.8,25.6,28.29,78.66,5.7,1625.84,coconut
19.6,21.7,38.1,24.62,78.38,6.21,1728.28,coconut
31.0,20.8,35.3,26.85,73.13,7.05,1615.87,coconut
34.3,18.8,47.2,29.02,74.84,6.09,1699.26,coconut
19.8,16.5,26.8,27.51,83.19,5.9,2332.08,coconut
25.4,14.7,25.2,27.65,80.7,6.79,1706.99,coconut
17.8,24.7,37.6,26.86,82.82,6.64,1321.34,coconut
25.9,16.2,38.0,25.65,78.98,7.23,2119.27,coconut
12.0,22.6,34.6,25.73,76.96,5.93,1546.02,coconut
18.2,12.6,28.8,28.31,82.25,6.68,1730.09,coconut
17.2,20.0,29.0,29.12,76.17,6.06,1641.58,coconut
29.0,18.7,35.1,32.21,72.82,5.88,1425.64,coconut
14.4,15.1,39.1,26.02,80.33,5.54,1511.04,coconut
22.2,20.6,25.0,26.36,87.43,6.18,1200.0,coconut
32.7,20.9,40.2,23.14,89.56,6.01,1597.17,coconut
20.8,21.8,33.9,28.7,82.38,6.35,1465.96,coconut
35.9,12.1,37.5,28.44,87.77,7.09,1708.78,coconut
28.2,25.1,34.6,24.83,80.08,5.75,1861.55,coconut
31.4,17.5,25.3,30.05,73.12,5.63,1696.5,coconut
26.5,19.7,34.6,31.9,82.33,6.92,1986.09,coconut
17.2,17.3,47.7,26.24,78.63,6.49,1609.44,coconut
20.2,16.1,43.6,27.16,75.36,5.64,2412.04,coconut
23.7,19.7,30.4,28.3,89.3,6.07,1887.58,coconut
16.6,26.1,36.6,26.47,80.51,6.14,1612.33,coconut
12.0,17.6,34.2,28.72,79.38,6.01,1747.67,coconut
15.3,18.6,23.8,30.3,85.42,5.94,1948.34,coconut
25.7,14.0,22.9,28.29,78.03,6.95,1754.21,coconut
20.8,25.2,38.5,22.0,79.57,5.71,1510.06,coconut
24.1,19.4,36.6,30.19,85.18,6.69,1810.45,coconut
32.7,16.7,33.3,22.74,87.28,6.36,2600.0,coconut
22.6,18.4,38.3,24.75,83.79,6.42,1658.89,coconut
32.0,14.4,36.6,31.14,78.47,6.25,2453.59,coconut
27.8,16.0,39.8,26.08,74.18,7.09,1419.08,coconut
39.7,16.0,47.8,24.08,87.13,6.65,2001.32,coconut
30.8,16.0,27.1,27.37,83.12,6.16,1833.27,coconut
27.0,14.4,37.4,26.83,78.5,6.79,1516.9,coconut
22.3,18.3,43.2,27.98,84.64,6.25,1726.45,coconut
24.7,19.2,33.2,30.85,80.13,5.55,2572.84,coconut
23.0,23.3,43.4,29.86,81.01,6.54,1367.65,coconut
36.9,14.6,33.5,27.75,81.46,6.07,2168.3,coconut
30.7,19.3,32.6,30.16,79.68,7.19,1783.37,coconut
32.4,17.5,35.4,30.56,92.0,7.18,2013.14,coconut
28.5,16.0,36.8,25.22,83.88,6.62,1200.0,coconut
25.2,19.7,34.5,28.4,75.29,6.01,2060.48,coconut
25.0,19.4,31.7,27.55,70.49,6.82,2292.38,coconut
18.6,14.2,37.6,31.18,81.99,5.79,1687.41,coconut
18.8,15.3,33.2,25.18,78.11,6.44,1814.51,coconut
16.5,19.6,32.7,29.3,85.9,6.13,1934.24,coconut
20.0,23.3,30.2,28.38,81.06,5.89,2020.27,coconut
21.3,11.2,22.0,25.31,88.88,7.03,1534.42,coconut
22.8,16.1,27.0,25.13,86.91,6.65,1831.93,coconut
17.0,18.4,22.0,29.61,83.29,5.73,2234.93,coconut
14.2,20.1,38.3,24.4,81.81,5.58,1200.0,coconut
18.6,15.5,38.9,27.67,82.47,5.89,1591.0,coconut
20.4,13.1,40.4,28.3,40.42,7.04,663.39,pomegranate
23.0,12.7,47.4,29.06,47.63,7.51,634.8,pomegranate
26.2,27.6,36.3,25.65,52.74,7.27,670.95,pomegranate
27.0,23.5,38.0,33.37,54.37,6.59,655.68,pomegranate
25.7,15.6,32.7,23.96,50.66,7.61,554.71,pomegranate
30.9,21.8,44.9,25.11,48.53,7.44,660.87,pomegranate
31.2,12.6,40.9,20.41,50.98,7.09,631.7,pomegranate
17.1,23.6,36.8,31.1,45.94,7.11,547.58,pomegranate
22.2,23.2,44.1,22.92,41.93,7.26,687.74,pomegranate
22.4,15.8,44.1,31.49,34.05,7.45,524.31,pomegranate
24.1,26.0,42.8,31.02,50.75,6.61,358.55,pomegranate
30.9,13.7,34.0,32.1,36.84,6.81,816.92,pomegranate
16.0,13.0,41.2,27.04,37.85,6.62,761.2,pomegranate
27.6,20.3,43.2,29.16,52.46,6.7,611.78,pomegranate
30.2,24.2,55.7,28.28,54.11,6.2,766.27,pomegranate
21.6,17.0,46.6,27.39,46.57,7.99,533.89,pomegranate
19.5,25.3,47.2,35.69,51.91,6.54,657.45,pomegranate
20.1,18.0,43.5,21.53,38.5,8.2,608.61,pomegranate
24.9,25.3,41.6,27.63,52.93,7.0,490.42,pomegranate
12.5,14.3,38.3,28.63,40.12,8.2,453.08,pomegranate
34.4,18.9,48.8,30.98,27.25,7.19,548.53,pomegranate
19.2,19.8,54.3,18.0,40.72,6.58,588.61,pomegranate
24.0,15.6,48.1,34.54,65.0,6.83,361.49,pomegranate
29.4,24.4,48.9,34.43,43.2,6.9,593.85,pomegranate
24.0,20.7,49.8,32.19,49.08,7.32,675.33,pomegranate
14.2,18.8,44.3,28.85,44.3,7.42,511.05,pomegranate
32.8,19.9,44.9,25.21,51.52,7.3,489.34,pomegranate
25.7,20.5,47.3,29.95,45.74,7.71,728.54,pomegranate
30.4,15.7,37.7,25.82,60.63,7.34,835.17,pomegranate
25.3,17.0,43.6,27.63,38.81,6.63,640.16,pomegranate
32.3,27.8,41.4,26.59,38.83,7.76,677.8,pomegranate
20.7,14.4,49.7,29.53,51.07,6.76,354.67,pomegranate
20.8,20.8,56.7,26.28,63.21,7.61,412.84,pomegranate
27.3,21.5,30.0,30.58,54.38,7.4,572.59,pomegranate
25.0,17.1,36.9,25.25,41.67,7.26,513.18,pomegranate
20.8,21.0,46.2,25.84,49.05,6.97,587.57,pomegranate
31.9,15.6,37.0,27.42,34.09,7.06,546.32,pomegranate
12.0,20.1,42.9,32.73,46.72,7.57,722.8,pomegranate
25.2,18.0,34.6,32.96,43.83,6.7,668.77,pomegranate
12.9,16.3,49.4,26.25,39.26,6.99,350.0,pomegranate
30.3,17.5,42.4,26.93,45.11,7.53,573.75,pomegranate
17.8,20.3,47.0,28.82,53.6,7.22,713.37,pomegranate
34.4,20.3,39.5,27.48,54.91,6.45,532.97,pomegranate
23.9,14.5,49.2,29.51,39.31,7.5,560.99,pomegranate
20.7,15.1,46.6,31.76,41.11,7.47,769.81,pomegranate
18.4,19.4,49.0,27.62,54.91,8.2,621.2,pomegranate
24.6,21.9,49.1,18.0,44.98,7.0,627.6,pomegranate
24.8,17.7,38.8,30.94,58.24,6.78,412.35,pomegranate
26.1,17.9,51.0,23.08,40.7,6.2,745.0,pomegranate
27.5,16.1,36.1,23.08,48.31,6.65,592.48,pomegranate
38.3,16.6,38.2,29.53,35.19,8.06,748.43,pomegranate
25.0,14.4,41.4,26.82,48.07,7.72,455.62,pomegranate
32.1,20.5,41.0,23.65,45.93,6.67,702.84,pomegranate
19.3,20.2,43.5,25.76,44.18,7.74,436.93,pomegranate
23.5,15.0,43.8,25.26,30.86,6.67,776.53,pomegranate
27.5,18.8,42.3,27.79,41.56,7.46,592.1,pomegranate
19.0,19.0,30.0,29.66,33.73,7.15,436.64,pomegranate
26.0,20.3,53.0,21.83,52.8,7.27,525.92,pomegranate
30.6,17.1,48.3,24.03,39.94,7.67,758.25,pomegranate
25.8,10.0,42.8,28.13,43.14,7.37,522.77,pomegranate
31.0,13.3,51.4,34.2,37.7,6.74,629.28,pomegranate
18.9,16.0,50.6,30.95,60.84,7.29,506.7,pomegranate
26.3,17.4,43.2,27.9,37.55,7.34,410.96,pomegranate
21.7,17.5,30.4,31.08,28.57,7.53,424.86,pomegranate
23.6,20.1,57.2,28.47,29.14,7.68,552.17,pomegranate
26.4,20.2,30.6,28.03,41.72,7.81,667.25,pomegranate
16.2,23.1,46.7,21.81,45.45,7.72,434.31,pomegranate
34.3,11.9,39.3,24.23,56.02,6.95,440.46,pomegranate
28.7,20.6,48.0,26.91,47.04,6.87,780.98,pomegranate
32.9,22.3,48.8,30.08,35.05,7.52,593.71,pomegranate
33.6,21.2,47.3,21.26,44.29,6.92,610.28,pomegranate
23.5,16.9,46.8,26.27,45.97,6.44,480.11,pomegranate
29.9,13.1,51.5,31.9,42.85,8.2,729.17,pomegranate
20.3,21.0,44.4,24.89,36.44,7.7,508.25,pomegranate
25.4,14.3,39.5,27.49,48.11,6.2,582.03,pomegranate
21.5,23.6,60.0,26.56,31.22,7.26,555.35,pomegranate
37.8,24.7,49.2,25.65,50.42,7.33,608.96,pomegranate
16.7,22.2,44.6,27.6,40.2,6.8,618.07,pomegranate
15.5,21.2,37.7,19.77,59.58,6.77,493.34,pomegranate
32.8,25.4,34.8,24.18,37.94,7.67,776.7,pomegranate
19.5,23.7,39.7,29.34,34.83,7.14,566.67,pomegranate
24.1,19.5,38.0,24.47,48.5,7.87,577.26,pomegranate
29.0,21.0,49.0,24.19,38.78,6.85,811.44,pomegranate
29.0,19.9,46.2,22.72,60.51,7.44,666.78,pomegranate
15.4,21.1,41.9,22.71,37.37,6.57,426.19,pomegranate
26.4,16.5,46.0,34.7,43.96,6.2,550.97,pomegranate
33.2,17.7,53.2,29.81,30.29,7.25,615.64,pomegranate
32.5,25.3,49.4,29.76,50.41,7.12,404.45,pomegranate
26.2,19.5,36.8,33.31,53.04,6.51,743.9,pomegranate
24.2,14.9,50.5,27.8,60.19,6.77,372.2,pomegranate
24.3,21.2,38.4,22.68,46.83,6.47,616.8,pomegranate
24.0,20.0,35.7,33.19,43.54,7.58,695.19,pomegranate
19.1,21.5,35.4,22.52,60.71,7.76,828.84,pomegranate
23.8,18.4,47.2,27.95,39.03,6.75,605.66,pomegranate
19.6,13.6,46.4,27.62,52.5,6.99,510.25,pomegranate
28.5,14.8,40.1,25.53,43.32,8.09,414.79,pomegranate
33.8,21.0,53.4,38.0,56.45,7.66,422.5,pomegranate
18.9,19.4,33.8,30.46,27.92,7.78,541.4,pomegranate
26.8,15.0,32.6,32.94,55.69,7.02,659.43,pomegranate
23.7,19.2,48.6,30.22,55.73,7.46,583.37,pomegranate
21.4,16.1,48.9,21.99,53.85,7.06,481.77,pomegranate
19.4,20.7,43.9,34.36,34.9,6.91,568.93,pomegranate
21.5,18.0,45.9,29.94,57.05,6.55,620.53,pomegranate
22.1,19.7,46.6,24.05,37.79,7.46,582.81,pomegranate
24.7,20.6,48.4,25.88,38.18,6.57,584.01,pomegranate
17.5,18.4,51.3,26.59,40.71,8.2,761.16,pomegranate
21.4,18.6,46.0,28.81,59.52,7.24,608.47,pomegranate
30.1,22.8,49.6,30.15,32.53,6.96,678.33,pomegranate
27.5,21.3,55.3,23.29,54.1,7.03,692.24,pomegranate
25.8,26.5,44.8,25.44,48.36,7.36,716.57,pomegranate
28.7,27.9,43.3,27.6,40.17,7.24,607.73,pomegranate
27.7,18.3,40.3,24.47,42.0,7.77,742.82,pomegranate
25.5,14.2,43.5,36.37,52.99,7.48,695.52,pomegranate
35.2,13.4,41.6,25.89,49.7,7.28,670.76,pomegranate
23.0,23.5,43.6,30.78,54.56,7.76,623.3,pomegranate
30.9,25.0,47.1,25.08,49.66,7.18,350.0,pomegranate
28.8,18.5,50.9,25.0,32.95,7.28,625.62,pomegranate
26.6,18.1,37.6,27.44,42.21,7.74,625.52,pomegranate
24.3,24.9,42.4,30.23,43.66,8.02,590.42,pomegranate
26.7,17.4,45.2,32.8,51.77,7.21,784.16,pomegranate
108.5,19.8,41.7,25.75,56.89,6.64,655.91,watermelon
84.9,19.8,42.9,22.98,49.61,6.55,597.14,watermelon
86.6,18.0,39.3,27.64,48.88,7.07,560.98,watermelon
95.9,18.8,41.0,22.9,49.65,6.12,420.08,watermelon
102.5,24.6,47.2,32.81,41.77,6.42,498.14,watermelon
91.4,18.5,50.0,26.32,51.26,5.88,358.19,watermelon
94.5,20.0,48.8,26.67,50.34,6.32,434.65,watermelon
116.3,18.0,47.8,24.83,48.82,6.41,509.78,watermelon
92.5,20.6,45.7,28.21,68.0,6.05,559.4,watermelon
98.5,25.3,54.2,27.62,53.72,6.23,443.5,watermelon
96.8,15.6,46.4,30.32,54.69,6.76,666.96,watermelon
95.9,23.0,48.2,24.56,47.33,6.74,540.86,watermelon
120.2,26.9,45.6,29.52,51.86,6.89,471.37,watermelon
85.4,18.0,45.5,24.48,49.99,6.74,699.6,watermelon
82.0,28.3,47.1,28.04,42.42,6.61,350.0,watermelon
101.8,23.3,51.1,24.8,57.85,6.56,499.0,watermelon
106.1,21.5,53.2,26.62,55.52,6.63,480.21,watermelon
83.2,23.4,57.1,27.9,56.23,6.38,593.91,watermelon
95.8,19.7,56.6,25.41,60.23,6.84,576.68,watermelon
83.0,22.1,48.8,25.51,55.0,6.71,474.14,watermelon
95.9,20.8,57.0,26.23,45.36,5.77,556.27,watermelon
88.9,25.3,42.0,25.38,44.69,6.57,584.88,watermelon
102.1,16.6,45.5,27.7,42.19,6.3,671.69,watermelon
95.8,14.6,46.4,25.11,68.0,7.07,593.09,watermelon
93.9,28.0,43.2,30.23,60.5,6.34,633.92,watermelon
92.6,15.7,55.9,26.74,58.21,7.13,447.77,watermelon
96.3,29.8,54.0,24.9,47.31,6.19,446.16,watermelon
100.8,22.4,51.7,24.48,53.5,5.58,534.5,watermelon
112.1,14.9,52.9,25.17,59.62,6.46,560.47,watermelon
98.8,28.6,52.1,24.88,54.69,6.25,536.24,watermelon
93.0,18.6,51.2,27.17,61.45,6.23,350.0,watermelon
93.6,13.9,52.5,21.98,47.08,6.26,674.4,watermelon
85.1,22.1,53.5,31.45,59.44,6.84,606.43,watermelon
83.5,23.8,55.1,24.13,49.94,6.08,597.26,watermelon
97.2,20.4,42.3,26.8,50.03,6.5,405.7,watermelon
100.1,19.8,42.5,23.02,45.76,6.32,532.1,watermelon
101.2,23.5,45.4,30.18,50.9,6.58,503.58,watermelon
102.5,20.9,52.4,26.98,59.7,6.07,350.0,watermelon
86.3,27.3,49.1,27.28,46.62,6.43,417.72,watermelon
87.5,20.0,52.7,28.66,58.05,5.76,519.33,watermelon
95.6,14.3,50.1,26.25,57.58,6.43,465.07,watermelon
109.1,12.0,49.6,21.71,47.61,6.61,392.58,watermelon
80.9,33.9,41.8,31.95,52.79,6.19,576.68,watermelon
114.0,16.3,46.9,29.54,56.02,6.84,571.51,watermelon
119.7,22.9,51.3,27.97,53.0,6.74,543.7,watermelon
107.5,26.7,52.6,28.51,46.93,6.18,604.34,watermelon
115.1,12.3,46.6,27.07,47.85,6.07,567.49,watermelon
117.0,12.0,49.0,28.39,59.46,6.53,696.14,watermelon
98.3,28.6,46.1,27.17,45.51,6.76,507.96,watermelon
102.3,20.4,53.5,28.19,47.04,6.03,517.22,watermelon
105.9,31.3,51.8,30.02,42.71,7.21,580.57,watermelon
97.4,21.2,43.4,24.54,67.37,6.0,419.17,watermelon
89.6,16.0,50.1,30.27,49.73,5.85,549.19,watermelon
97.3,27.0,47.3,26.22,52.95,6.44,480.74,watermelon
91.3,12.7,46.6,29.15,59.95,6.21,649.95,watermelon
97.7,15.3,40.1,30.65,51.39,5.91,350.0,watermelon
93.3,24.0,45.8,23.84,50.15,6.9,380.7,watermelon
90.3,28.1,53.0,27.54,49.46,6.41,466.22,watermelon
87.7,16.6,54.7,26.82,56.2,6.46,564.09,watermelon
94.9,19.6,45.1,22.76,46.15,6.25,359.7,watermelon
81.4,27.2,51.3,25.64,68.0,5.74,617.56,watermelon
96.7,25.9,50.7,21.38,54.67,6.53,350.0,watermelon
121.3,23.6,54.0,23.5,58.83,6.84,545.36,watermelon
97.9,17.5,48.7,25.46,58.0,6.06,576.47,watermelon
87.9,20.7,53.7,24.89,58.55,6.62,492.9,watermelon
111.9,22.4,56.6,32.38,52.31,6.66,456.24,watermelon
85.6,21.0,41.8,24.19,58.14,6.19,591.05,watermelon
101.6,31.3,53.1,30.34,56.81,6.52,636.47,watermelon
106.0,23.1,51.2,28.61,49.3,6.11,662.54,watermelon
120.4,17.4,46.0,30.43,57.73,6.67,609.66,watermelon
95.1,23.6,51.5,24.42,56.21,6.9,486.59,watermelon
99.8,23.0,48.3,29.03,49.24,6.93,582.62,watermelon
86.8,30.5,51.0,24.83,61.73,6.6,350.0,watermelon
91.7,23.4,37.0,27.26,55.11,5.93,547.06,watermelon
98.1,16.0,55.5,29.51,51.97,6.32,592.63,watermelon
95.6,12.3,52.9,24.56,51.27,6.98,506.6,watermelon
98.0,24.5,53.0,24.24,53.58,6.41,547.2,watermelon
101.5,34.0,42.9,29.94,62.28,6.6,454.97,watermelon
118.0,12.0,45.9,30.52,51.41,7.04,368.82,watermelon
84.7,19.3,52.5,26.33,50.57,6.97,671.34,watermelon
93.0,13.5,37.1,27.72,58.59,6.43,512.91,watermelon
88.3,25.3,60.1,20.35,53.46,6.01,370.95,watermelon
84.4,23.9,52.4,31.38,54.06,5.7,496.18,watermelon
81.4,16.0,53.5,27.58,58.11,6.26,599.05,watermelon
93.0,27.6,52.1,26.38,55.48,6.39,679.61,watermelon
100.9,22.0,48.6,29.53,58.96,6.29,404.44,watermelon
87.2,21.1,58.1,26.25,49.84,5.7,671.35,watermelon
104.8,26.0,55.8,26.51,54.59,7.0,537.96,watermelon
105.1,26.4,53.9,26.62,53.76,6.71,597.6,watermelon
112.0,24.8,53.6,25.66,49.93,6.71,462.58,watermelon
97.8,28.9,57.3,27.91,51.93,6.35,606.77,watermelon
97.6,19.2,57.3,27.54,49.96,6.59,617.12,watermelon
85.9,21.0,48.5,28.36,58.42,6.18,370.72,watermelon
110.4,16.4,51.6,26.6,55.14,7.06,750.0,watermelon
78.4,26.9,49.1,30.14,60.7,6.96,548.5,watermelon
87.3,26.6,50.7,26.3,50.67,6.8,680.34,watermelon
83.7,25.1,47.8,22.6,55.03,6.07,362.22,watermelon
88.6,16.9,46.1,23.02,51.23,6.11,557.56,watermelon
105.1,23.3,48.6,26.21,48.14,6.07,590.36,watermelon
76.9,21.6,48.1,28.8,44.02,6.4,554.3,watermelon
75.1,16.6,49.4,28.54,55.28,6.62,412.06,watermelon
78.9,22.4,42.6,24.4,60.53,6.48,463.19,watermelon
89.6,25.1,51.3,23.36,40.37,7.15,397.75,watermelon
104.3,29.6,50.9,25.2,44.02,5.82,557.67,watermelon
115.4,20.0,46.7,29.09,49.2,6.51,524.18,watermelon
93.1,21.9,60.6,28.81,61.65,6.03,629.59,watermelon
105.7,14.5,53.2,25.46,43.18,6.45,573.9,watermelon
99.8,21.5,48.0,34.4,45.72,6.75,521.54,watermelon
87.7,21.8,41.6,25.21,53.67,5.78,570.64,watermelon
86.4,14.7,43.5,33.53,40.15,6.57,444.84,watermelon
93.8,25.0,53.3,24.96,44.5,6.65,575.24,watermelon
94.6,24.2,47.3,24.52,54.03,6.61,550.93,watermelon
104.1,18.2,59.5,25.97,53.17,5.87,500.61,watermelon
104.4,25.8,59.4,28.56,55.94,6.22,453.83,watermelon
109.6,26.8,43.5,29.17,58.55,5.95,574.05,watermelon
85.4,12.0,49.0,27.77,53.19,7.5,557.89,watermelon
99.8,24.1,47.4,29.79,56.53,6.53,457.59,watermelon
79.2,19.5,51.7,25.67,56.04,6.31,563.06,watermelon
86.3,23.0,46.2,22.39,52.84,7.01,374.14,watermelon
99.4,26.0,63.8,25.52,49.58,5.93,634.05,watermelon
87.6,18.1,38.9,30.65,60.11,6.84,327.49,muskmelon
105.3,11.6,50.3,28.62,54.17,6.71,479.24,muskmelon
74.5,22.7,50.6,25.29,41.01,7.12,596.97,muskmelon
106.5,16.6,35.0,30.29,54.57,6.35,586.86,muskmelon
108.2,20.9,50.2,28.15,56.76,6.16,520.47,muskmelon
87.0,26.7,53.2,25.94,52.56,6.16,622.89,muskmelon
117.5,23.5,59.3,28.46,57.34,6.99,479.45,muskmelon
98.9,24.7,53.9,25.73,36.69,6.43,320.0,muskmelon
86.1,15.6,46.6,30.46,59.26,6.7,540.09,muskmelon
105.9,10.0,50.1,22.61,55.56,5.8,462.86,muskmelon
104.6,14.4,55.8,29.52,54.67,6.78,445.88,muskmelon
99.8,20.1,49.9,25.98,43.3,6.37,442.76,muskmelon
89.2,24.3,43.0,27.49,60.16,6.86,595.55,muskmelon
90.9,23.9,43.6,27.17,50.73,6.27,445.63,muskmelon
92.1,15.1,55.1,27.45,53.41,6.57,485.2,muskmelon
99.1,18.5,58.5,30.28,52.13,6.32,468.71,muskmelon
103.0,27.5,41.8,29.98,59.89,5.91,462.79,muskmelon
85.2,22.2,47.8,27.61,49.12,6.79,501.76,muskmelon
100.8,20.8,53.4,27.21,63.91,6.01,320.0,muskmelon
76.3,10.0,54.0,29.65,60.45,6.08,550.82,muskmelon
98.7,20.8,53.8,25.73,65.0,7.03,429.49,muskmelon
84.9,19.6,51.1,31.2,43.82,6.61,334.74,muskmelon
103.2,19.5,61.6,23.36,61.59,5.82,353.92,muskmelon
77.9,21.3,43.0,23.96,53.42,6.68,483.79,muskmelon
96.1,29.1,50.9,30.42,53.0,6.06,532.24,muskmelon
90.1,19.5,51.8,22.18,40.73,6.86,416.94,muskmelon
90.6,20.8,47.7,29.25,51.64,6.58,413.32,muskmelon
100.3,25.5,46.6,30.75,51.64,6.79,492.23,muskmelon
97.6,21.7,57.3,28.71,55.35,6.35,629.23,muskmelon
105.7,20.4,49.3,30.93,47.76,5.8,486.88,muskmelon
112.3,28.0,49.4,28.13,55.64,6.39,529.06,muskmelon
97.0,25.1,54.3,30.43,50.56,7.27,525.97,muskmelon
101.0,16.2,49.4,28.34,46.49,6.38,464.25,muskmelon
98.7,11.2,49.2,26.87,51.85,6.91,674.98,muskmelon
106.1,13.8,47.9,29.79,55.38,6.89,470.75,muskmelon
93.6,28.8,50.4,24.95,62.33,5.9,320.0,muskmelon
107.2,24.6,52.5,24.09,51.59,6.39,428.96,muskmelon
114.9,14.8,51.9,31.58,54.67,7.0,533.55,muskmelon
103.2,21.8,53.7,26.84,42.89,6.88,590.37,muskmelon
101.0,17.3,40.7,28.26,42.56,5.9,478.03,muskmelon
88.8,21.7,49.0,26.18,40.07,6.16,402.47,muskmelon
83.3,18.4,43.1,27.51,53.68,6.17,520.41,muskmelon
81.7,14.4,49.3,30.06,58.07,7.14,444.22,muskmelon
96.5,14.8,42.5,28.69,46.57,6.99,341.07,muskmelon
103.8,15.0,45.1,29.62,47.27,6.29,402.84,muskmelon
119.4,16.9,50.3,27.39,53.55,6.25,460.92,muskmelon
102.7,15.7,56.5,31.56,56.25,6.53,320.0,muskmelon
103.1,18.0,48.5,22.31,55.46,5.92,491.25,muskmelon
108.9,17.7,57.3,25.76,56.2,5.98,577.96,muskmelon
108.5,22.3,47.6,23.79,49.27,6.94,492.35,muskmelon
79.4,14.4,57.5,29.46,43.36,5.8,420.62,muskmelon
75.8,19.2,64.7,23.21,50.7,7.02,551.16,muskmelon
96.2,19.3,43.1,27.2,53.7,6.94,421.08,muskmelon
95.7,15.3,51.4,30.35,56.41,6.03,493.95,muskmelon
89.9,25.1,49.0,23.44,50.46,6.68,503.18,muskmelon
91.9,17.1,44.1,26.82,46.01,6.89,394.39,muskmelon
99.5,20.3,55.7,31.27,56.87,6.64,380.38,muskmelon
85.2,15.8,54.5,28.22,58.08,6.9,411.03,muskmelon
98.4,19.9,48.0,26.4,60.29,6.52,481.25,muskmelon
88.4,23.4,44.0,29.36,55.38,6.33,510.18,muskmelon
100.2,19.8,50.1,28.19,52.91,6.52,375.13,muskmelon
96.2,21.3,50.6,30.86,56.34,6.15,464.17,muskmelon
94.3,20.0,50.0,29.83,53.24,6.99,502.9,muskmelon
88.0,17.7,53.6,23.16,42.58,6.5,570.34,muskmelon
113.7,18.9,56.4,28.22,41.28,6.5,421.2,muskmelon
109.0,19.9,42.3,23.5,51.85,5.8,430.77,muskmelon
100.8,14.7,56.0,31.57,44.88,6.38,574.5,muskmelon
98.0,13.0,49.1,25.44,59.76,6.74,450.19,muskmelon
99.7,13.5,45.5,32.66,52.37,6.87,502.04,muskmelon
113.8,10.0,48.9,32.93,58.69,7.03,479.36,muskmelon
91.6,14.9,43.4,30.42,55.59,6.47,528.28,muskmelon
99.7,24.8,55.7,24.8,53.92,5.83,492.64,muskmelon
105.3,13.4,47.5,28.03,53.64,6.39,368.63,muskmelon
97.4,11.7,48.6,26.68,51.06,6.28,336.77,muskmelon
93.6,24.7,57.6,35.32,63.84,6.02,441.2,muskmelon
97.7,19.6,50.4,35.22,44.43,6.21,636.16,muskmelon
90.6,22.0,56.2,29.46,53.34,6.88,395.16,muskmelon
92.0,22.7,37.6,32.25,54.12,6.56,325.1,muskmelon
82.6,18.0,54.8,21.77,57.52,6.36,458.77,muskmelon
101.0,21.3,45.7,29.87,35.76,6.32,494.6,muskmelon
93.9,10.9,54.5,24.25,51.53,6.56,481.88,muskmelon
112.0,19.7,52.6,27.83,56.29,7.06,493.07,muskmelon
107.4,27.3,58.1,26.84,59.26,6.6,586.14,muskmelon
104.8,21.4,52.6,28.77,54.06,6.44,456.09,muskmelon
119.2,22.4,46.6,27.17,59.39,6.21,339.21,muskmelon
81.1,11.4,42.2,24.46,61.7,6.48,445.49,muskmelon
80.7,19.3,39.6,26.89,65.0,6.77,460.07,muskmelon
106.4,17.4,45.2,33.11,44.0,6.36,509.07,muskmelon
86.8,23.3,48.2,29.99,56.1,6.4,642.51,muskmelon
90.0,26.7,57.0,33.31,53.22,6.18,677.3,muskmelon
94.0,15.9,48.9,25.05,55.68,6.26,452.69,muskmelon
109.6,23.1,50.1,28.51,52.09,6.33,479.76,muskmelon
103.9,19.4,52.5,25.49,47.77,6.21,426.31,muskmelon
113.4,23.6,43.5,29.31,49.27,6.23,338.85,muskmelon
109.7,13.2,49.7,25.16,57.43,6.37,467.23,muskmelon
96.8,21.5,50.1,27.87,48.37,5.87,373.74,muskmelon
106.6,18.5,46.0,23.78,39.96,6.22,564.37,muskmelon
91.3,22.0,46.4,29.92,49.54,6.01,454.45,muskmelon
120.0,28.9,52.9,27.59,54.13,6.63,476.21,muskmelon
103.3,21.0,48.1,24.41,48.78,6.82,477.01,muskmelon
101.6,18.6,43.6,27.28,44.84,6.07,594.54,muskmelon
93.0,16.3,59.7,30.44,49.4,6.67,457.6,muskmelon
89.7,22.4,48.1,28.23,59.15,6.86,427.74,muskmelon
103.8,14.4,52.7,28.45,54.65,6.38,677.99,muskmelon
87.2,24.9,43.8,29.51,56.03,6.52,432.94,muskmelon
99.7,21.3,60.7,25.38,48.11,6.61,455.67,muskmelon
96.8,25.4,35.0,26.21,39.8,6.02,700.0,muskmelon
105.2,24.8,49.5,30.28,39.63,6.92,402.11,muskmelon
91.6,22.5,51.9,28.25,42.46,6.54,571.25,muskmelon
91.6,26.6,44.8,28.02,62.75,6.23,580.13,muskmelon
121.7,20.9,46.8,25.68,61.13,7.01,617.68,muskmelon
97.6,25.2,49.7,25.35,59.87,7.15,383.04,muskmelon
85.5,20.2,55.7,24.6,53.59,6.26,546.58,muskmelon
88.4,23.9,49.1,25.19,52.45,5.8,426.89,muskmelon
102.0,11.1,35.0,21.0,61.29,6.47,429.42,muskmelon
109.3,18.0,51.6,28.08,48.7,6.62,553.46,muskmelon
95.8,17.7,47.9,21.11,53.98,6.02,539.82,muskmelon
96.9,20.5,54.2,25.22,54.58,6.61,462.45,muskmelon
86.9,23.0,54.2,28.34,44.51,6.29,474.27,muskmelon
106.3,12.1,46.6,26.79,51.42,5.98,459.33,muskmelon
